Country_code,continent,sub_region,Year,Unit_Code,Value,Price_FOB_per_Barrel,Avg_Value_region,Avg_Value_continent,Qty_barrel_salary,Qty_barrel_per_avg_region,Qty_barrel_per_continent
AUS,Oceania,Australia and New Zealand,2001,USD,20886.34,24.46,17743.82,17743.82,853.9,725.42,725.42
BEL,Europe,Western Europe,2001,USD,22709.27,24.46,21822.12,11069.02,928.42,892.16,452.54
BRA,Americas,South America,2001,USD,2608.45,24.46,4419.78,7717.06,106.64,180.69,315.5
CAN,Americas,Northern America,2001,USD,15083.2,24.46,15370.25,7717.06,616.65,628.38,315.5
CHL,Americas,South America,2001,USD,4596.13,24.46,4419.78,7717.06,187.9,180.69,315.5
COL,Americas,South America,2001,USD,6054.77,24.46,4419.78,7717.06,247.54,180.69,315.5
CRI,Americas,Central America,2001,USD,8105.27,24.46,5009.78,7717.06,331.37,204.82,315.5
CZE,Europe,Eastern Europe,2001,USD,6039.91,24.46,4795.21,11069.02,246.93,196.04,452.54
ESP,Europe,Southern Europe,2001,USD,12194.85,24.46,11569.28,11069.02,498.56,472.99,452.54
EST,Europe,Northern Europe,2001,USD,3468.89,24.46,8340.16,11069.02,141.82,340.97,452.54
FRA,Europe,Western Europe,2001,USD,18368.69,24.46,21822.12,11069.02,750.97,892.16,452.54
GBR,Europe,Northern Europe,2001,USD,14707.81,24.46,8340.16,11069.02,601.3,340.97,452.54
GRC,Europe,Southern Europe,2001,USD,13732.29,24.46,11569.28,11069.02,561.42,472.99,452.54
HUN,Europe,Eastern Europe,2001,USD,5766.44,24.46,4795.21,11069.02,235.75,196.04,452.54
IRL,Europe,Northern Europe,2001,USD,15596.64,24.46,8340.16,11069.02,637.64,340.97,452.54
ISR,Asia,Western Asia,2001,USD,12260.39,24.46,9143.46,9702.38,501.24,373.81,396.66
JPN,Asia,Eastern Asia,2001,USD,12360.22,24.46,10261.3,9702.38,505.32,419.51,396.66
KOR,Asia,Eastern Asia,2001,USD,8162.38,24.46,10261.3,9702.38,333.7,419.51,396.66
LTU,Europe,Northern Europe,2001,USD,4697.47,24.46,8340.16,11069.02,192.05,340.97,452.54
LUX,Europe,Western Europe,2001,USD,21813.42,24.46,21822.12,11069.02,891.8,892.16,452.54
LVA,Europe,Northern Europe,2001,USD,3229.98,24.46,8340.16,11069.02,132.05,340.97,452.54
MEX,Americas,Central America,2001,USD,1914.29,24.46,5009.78,7717.06,78.26,204.82,315.5
NLD,Europe,Western Europe,2001,USD,24397.09,24.46,21822.12,11069.02,997.43,892.16,452.54
NZL,Oceania,Australia and New Zealand,2001,USD,14601.3,24.46,17743.82,17743.82,596.95,725.42,725.42
POL,Europe,Eastern Europe,2001,USD,6950.15,24.46,4795.21,11069.02,284.14,196.04,452.54
PRT,Europe,Southern Europe,2001,USD,9691.18,24.46,11569.28,11069.02,396.21,472.99,452.54
RUS,Europe,Eastern Europe,2001,USD,546,24.46,4795.21,11069.02,22.32,196.04,452.54
SVK,Europe,Eastern Europe,2001,USD,4673.53,24.46,4795.21,11069.02,191.07,196.04,452.54
SVN,Europe,Southern Europe,2001,USD,10658.8,24.46,11569.28,11069.02,435.76,472.99,452.54
TUR,Asia,Western Asia,2001,USD,6026.52,24.46,9143.46,9702.38,246.38,373.81,396.66
USA,Americas,Northern America,2001,USD,15657.29,24.46,15370.25,7717.06,640.12,628.38,315.5
AUS,Oceania,Australia and New Zealand,2002,USD,21092.09,24.99,17900.45,17900.45,844.02,716.3,716.3
BEL,Europe,Western Europe,2002,USD,23013.69,24.99,22012.37,11363.55,920.92,880.85,454.72
BRA,Americas,South America,2002,USD,2714.99,24.99,4531.5,7694.84,108.64,181.33,307.92
CAN,Americas,Northern America,2002,USD,14924.64,24.99,15168.74,7694.84,597.22,606.99,307.92
CHL,Americas,South America,2002,USD,4728.54,24.99,4531.5,7694.84,189.22,181.33,307.92
COL,Americas,South America,2002,USD,6150.98,24.99,4531.5,7694.84,246.14,181.33,307.92
CRI,Americas,Central America,2002,USD,8004.04,24.99,4965.96,7694.84,320.29,198.72,307.92
CZE,Europe,Eastern Europe,2002,USD,6756.91,24.99,5252.73,11363.55,270.38,210.19,454.72
ESP,Europe,Southern Europe,2002,USD,12071,24.99,11706.71,11363.55,483.03,468.46,454.72
EST,Europe,Northern Europe,2002,USD,3872.64,24.99,8680.78,11363.55,154.97,347.37,454.72
FRA,Europe,Western Europe,2002,USD,18600.74,24.99,22012.37,11363.55,744.33,880.85,454.72
GBR,Europe,Northern Europe,2002,USD,15733.71,24.99,8680.78,11363.55,629.6,347.37,454.72
GRC,Europe,Southern Europe,2002,USD,13957.34,24.99,11706.71,11363.55,558.52,468.46,454.72
HUN,Europe,Eastern Europe,2002,USD,6847.5,24.99,5252.73,11363.55,274.01,210.19,454.72
IRL,Europe,Northern Europe,2002,USD,15656.66,24.99,8680.78,11363.55,626.52,347.37,454.72
ISR,Asia,Western Asia,2002,USD,11866.98,24.99,9162.66,9927.39,474.87,366.65,397.25
JPN,Asia,Eastern Asia,2002,USD,12562.51,24.99,10692.12,9927.39,502.7,427.86,397.25
KOR,Asia,Eastern Asia,2002,USD,8821.72,24.99,10692.12,9927.39,353.01,427.86,397.25
LTU,Europe,Northern Europe,2002,USD,4684.28,24.99,8680.78,11363.55,187.45,347.37,454.72
LUX,Europe,Western Europe,2002,USD,21770.06,24.99,22012.37,11363.55,871.15,880.85,454.72
LVA,Europe,Northern Europe,2002,USD,3456.6,24.99,8680.78,11363.55,138.32,347.37,454.72
MEX,Americas,Central America,2002,USD,1927.87,24.99,4965.96,7694.84,77.15,198.72,307.92
NLD,Europe,Western Europe,2002,USD,24664.98,24.99,22012.37,11363.55,986.99,880.85,454.72
NZL,Oceania,Australia and New Zealand,2002,USD,14708.81,24.99,17900.45,17900.45,588.59,716.3,716.3
POL,Europe,Eastern Europe,2002,USD,6820.21,24.99,5252.73,11363.55,272.92,210.19,454.72
PRT,Europe,Southern Europe,2002,USD,9741.15,24.99,11706.71,11363.55,389.8,468.46,454.72
RUS,Europe,Eastern Europe,2002,USD,754.48,24.99,5252.73,11363.55,30.19,210.19,454.72
SVK,Europe,Eastern Europe,2002,USD,5084.54,24.99,5252.73,11363.55,203.46,210.19,454.72
SVN,Europe,Southern Europe,2002,USD,11057.36,24.99,11706.71,11363.55,442.47,468.46,454.72
TUR,Asia,Western Asia,2002,USD,6458.34,24.99,9162.66,9927.39,258.44,366.65,397.25
USA,Americas,Northern America,2002,USD,15412.84,24.99,15168.74,7694.84,616.76,606.99,307.92
AUS,Oceania,Australia and New Zealand,2003,USD,21367.3,28.85,18319.76,18319.76,740.63,635,635
BEL,Europe,Western Europe,2003,USD,22880.56,28.85,22324.31,11594.32,793.09,773.81,401.88
BRA,Americas,South America,2003,USD,2791.53,28.85,4584.71,7647.18,96.76,158.92,265.07
CAN,Americas,Northern America,2003,USD,14715.09,28.85,14892.91,7647.18,510.06,516.22,265.07
CHL,Americas,South America,2003,USD,4793.66,28.85,4584.71,7647.18,166.16,158.92,265.07
COL,Americas,South America,2003,USD,6168.93,28.85,4584.71,7647.18,213.83,158.92,265.07
CRI,Americas,Central America,2003,USD,8063.22,28.85,4995.16,7647.18,279.49,173.14,265.07
CZE,Europe,Eastern Europe,2003,USD,7340.91,28.85,5414.71,11594.32,254.45,187.68,401.88
ESP,Europe,Southern Europe,2003,USD,11953.39,28.85,11804.1,11594.32,414.33,409.15,401.88
EST,Europe,Northern Europe,2003,USD,4461.9,28.85,9022.1,11594.32,154.66,312.72,401.88
FRA,Europe,Western Europe,2003,USD,18920.12,28.85,22324.31,11594.32,655.81,773.81,401.88
GBR,Europe,Northern Europe,2003,USD,16093.25,28.85,9022.1,11594.32,557.82,312.72,401.88
GRC,Europe,Southern Europe,2003,USD,14172.03,28.85,11804.1,11594.32,491.23,409.15,401.88
HUN,Europe,Eastern Europe,2003,USD,6542.55,28.85,5414.71,11594.32,226.78,187.68,401.88
IRL,Europe,Northern Europe,2003,USD,15826.46,28.85,9022.1,11594.32,548.58,312.72,401.88
ISR,Asia,Western Asia,2003,USD,12028.89,28.85,9451.24,10213.01,416.95,327.6,354
JPN,Asia,Eastern Asia,2003,USD,12657.42,28.85,10974.78,10213.01,438.73,380.41,354
KOR,Asia,Eastern Asia,2003,USD,9292.14,28.85,10974.78,10213.01,322.08,380.41,354
LTU,Europe,Northern Europe,2003,USD,4811.49,28.85,9022.1,11594.32,166.78,312.72,401.88
LUX,Europe,Western Europe,2003,USD,22584.62,28.85,22324.31,11594.32,782.83,773.81,401.88
LVA,Europe,Northern Europe,2003,USD,3917.42,28.85,9022.1,11594.32,135.79,312.72,401.88
MEX,Americas,Central America,2003,USD,1927.09,28.85,4995.16,7647.18,66.8,173.14,265.07
NLD,Europe,Western Europe,2003,USD,24911.92,28.85,22324.31,11594.32,863.5,773.81,401.88
NZL,Oceania,Australia and New Zealand,2003,USD,15272.22,28.85,18319.76,18319.76,529.37,635,635
POL,Europe,Eastern Europe,2003,USD,7130.48,28.85,5414.71,11594.32,247.16,187.68,401.88
PRT,Europe,Southern Europe,2003,USD,9670.27,28.85,11804.1,11594.32,335.19,409.15,401.88
RUS,Europe,Eastern Europe,2003,USD,808.99,28.85,5414.71,11594.32,28.04,187.68,401.88
SVK,Europe,Eastern Europe,2003,USD,5250.64,28.85,5414.71,11594.32,182,187.68,401.88
SVN,Europe,Southern Europe,2003,USD,11420.7,28.85,11804.1,11594.32,395.86,409.15,401.88
TUR,Asia,Western Asia,2003,USD,6873.58,28.85,9451.24,10213.01,238.25,327.6,354
USA,Americas,Northern America,2003,USD,15070.72,28.85,14892.91,7647.18,522.38,516.22,265.07
AUS,Oceania,Australia and New Zealand,2004,USD,21742.33,38.26,18771.55,18771.55,568.28,490.63,490.63
BEL,Europe,Western Europe,2004,USD,22632.71,38.26,22372.98,11845.69,591.55,584.76,309.61
BRA,Americas,South America,2004,USD,2884.44,38.26,4697.81,7628.53,75.39,122.79,199.39
CAN,Americas,Northern America,2004,USD,14738.63,38.26,14708.2,7628.53,385.22,384.43,199.39
CHL,Americas,South America,2004,USD,4927.64,38.26,4697.81,7628.53,128.79,122.79,199.39
COL,Americas,South America,2004,USD,6281.36,38.26,4697.81,7628.53,164.18,122.79,199.39
CRI,Americas,Central America,2004,USD,7970.75,38.26,4944.93,7628.53,208.33,129.25,199.39
CZE,Europe,Eastern Europe,2004,USD,7719.84,38.26,5503.72,11845.69,201.77,143.85,309.61
ESP,Europe,Southern Europe,2004,USD,11839.93,38.26,11946.43,11845.69,309.46,312.24,309.61
EST,Europe,Northern Europe,2004,USD,4971.33,38.26,9685.25,11845.69,129.94,253.14,309.61
FRA,Europe,Western Europe,2004,USD,19553.88,38.26,22372.98,11845.69,511.08,584.76,309.61
GBR,Europe,Northern Europe,2004,USD,17025.49,38.26,9685.25,11845.69,444.99,253.14,309.61
GRC,Europe,Southern Europe,2004,USD,14478.36,38.26,11946.43,11845.69,378.42,312.24,309.61
HUN,Europe,Eastern Europe,2004,USD,6496.93,38.26,5503.72,11845.69,169.81,143.85,309.61
IRL,Europe,Northern Europe,2004,USD,16949.05,38.26,9685.25,11845.69,443,253.14,309.61
ISR,Asia,Western Asia,2004,USD,12078.62,38.26,10523.39,10927.72,315.7,275.05,285.62
JPN,Asia,Eastern Asia,2004,USD,12677.61,38.26,11332.06,10927.72,331.35,296.19,285.62
KOR,Asia,Eastern Asia,2004,USD,9986.5,38.26,11332.06,10927.72,261.02,296.19,285.62
LTU,Europe,Northern Europe,2004,USD,5264.41,38.26,9685.25,11845.69,137.6,253.14,309.61
LUX,Europe,Western Europe,2004,USD,22551.76,38.26,22372.98,11845.69,589.43,584.76,309.61
LVA,Europe,Northern Europe,2004,USD,4215.98,38.26,9685.25,11845.69,110.19,253.14,309.61
MEX,Americas,Central America,2004,USD,1919.11,38.26,4944.93,7628.53,50.16,129.25,199.39
NLD,Europe,Western Europe,2004,USD,24753.57,38.26,22372.98,11845.69,646.98,584.76,309.61
NZL,Oceania,Australia and New Zealand,2004,USD,15800.77,38.26,18771.55,18771.55,412.98,490.63,490.63
POL,Europe,Eastern Europe,2004,USD,7104.09,38.26,5503.72,11845.69,185.68,143.85,309.61
PRT,Europe,Southern Europe,2004,USD,9672.07,38.26,11946.43,11845.69,252.8,312.24,309.61
RUS,Europe,Eastern Europe,2004,USD,897.91,38.26,5503.72,11845.69,23.47,143.85,309.61
SVK,Europe,Eastern Europe,2004,USD,5299.84,38.26,5503.72,11845.69,138.52,143.85,309.61
SVN,Europe,Southern Europe,2004,USD,11795.35,38.26,11946.43,11845.69,308.29,312.24,309.61
TUR,Asia,Western Asia,2004,USD,8968.16,38.26,10523.39,10927.72,234.4,275.05,285.62
USA,Americas,Northern America,2004,USD,14677.76,38.26,14708.2,7628.53,383.63,384.43,199.39
AUS,Oceania,Australia and New Zealand,2005,USD,21918.62,54.57,19072.52,19072.52,401.66,349.51,349.51
BEL,Europe,Western Europe,2005,USD,22459.97,54.57,22529.23,12104.66,411.58,412.85,221.82
BRA,Americas,South America,2005,USD,3054.16,54.57,4816.05,7638.75,55.97,88.25,139.98
CAN,Americas,Northern America,2005,USD,14868.15,54.57,14532.14,7638.75,272.46,266.3,139.98
CHL,Americas,South America,2005,USD,5022.17,54.57,4816.05,7638.75,92.03,88.25,139.98
COL,Americas,South America,2005,USD,6371.82,54.57,4816.05,7638.75,116.76,88.25,139.98
CRI,Americas,Central America,2005,USD,8030.45,54.57,4979.41,7638.75,147.16,91.25,139.98
CZE,Europe,Eastern Europe,2005,USD,8127.73,54.57,5705.39,12104.66,148.94,104.55,221.82
ESP,Europe,Southern Europe,2005,USD,12483.85,54.57,12257.72,12104.66,228.77,224.62,221.82
EST,Europe,Northern Europe,2005,USD,5180.88,54.57,10041.82,12104.66,94.94,184.02,221.82
FRA,Europe,Western Europe,2005,USD,20309.13,54.57,22529.23,12104.66,372.17,412.85,221.82
GBR,Europe,Northern Europe,2005,USD,17818.81,54.57,10041.82,12104.66,326.53,184.02,221.82
GRC,Europe,Southern Europe,2005,USD,14759.47,54.57,12257.72,12104.66,270.47,224.62,221.82
HUN,Europe,Eastern Europe,2005,USD,6746.97,54.57,5705.39,12104.66,123.64,104.55,221.82
IRL,Europe,Northern Europe,2005,USD,17689.83,54.57,10041.82,12104.66,324.17,184.02,221.82
ISR,Asia,Western Asia,2005,USD,11922.12,54.57,10633.11,11216.39,218.47,194.85,205.54
JPN,Asia,Eastern Asia,2005,USD,12742.93,54.57,11799.67,11216.39,233.52,216.23,205.54
KOR,Asia,Eastern Asia,2005,USD,10856.4,54.57,11799.67,11216.39,198.94,216.23,205.54
LTU,Europe,Northern Europe,2005,USD,5570.15,54.57,10041.82,12104.66,102.07,184.02,221.82
LUX,Europe,Western Europe,2005,USD,23005.19,54.57,22529.23,12104.66,421.57,412.85,221.82
LVA,Europe,Northern Europe,2005,USD,3949.45,54.57,10041.82,12104.66,72.37,184.02,221.82
MEX,Americas,Central America,2005,USD,1928.37,54.57,4979.41,7638.75,35.34,91.25,139.98
NLD,Europe,Western Europe,2005,USD,24342.64,54.57,22529.23,12104.66,446.08,412.85,221.82
NZL,Oceania,Australia and New Zealand,2005,USD,16226.41,54.57,19072.52,19072.52,297.35,349.51,349.51
POL,Europe,Eastern Europe,2005,USD,7163.2,54.57,5705.39,12104.66,131.27,104.55,221.82
PRT,Europe,Southern Europe,2005,USD,9705.38,54.57,12257.72,12104.66,177.85,224.62,221.82
RUS,Europe,Eastern Europe,2005,USD,982.76,54.57,5705.39,12104.66,18.01,104.55,221.82
SVK,Europe,Eastern Europe,2005,USD,5506.28,54.57,5705.39,12104.66,100.9,104.55,221.82
SVN,Europe,Southern Europe,2005,USD,12082.17,54.57,12257.72,12104.66,221.41,224.62,221.82
TUR,Asia,Western Asia,2005,USD,9344.1,54.57,10633.11,11216.39,171.23,194.85,205.54
USA,Americas,Northern America,2005,USD,14196.12,54.57,14532.14,7638.75,260.15,266.3,139.98
AUS,Oceania,Australia and New Zealand,2006,USD,21583.12,65.16,19212.42,19212.42,331.23,294.85,294.85
BEL,Europe,Western Europe,2006,USD,22502.39,65.16,22632.83,12334.98,345.34,347.34,189.3
BRA,Americas,South America,2006,USD,3451.35,65.16,5045.7,7734.07,52.97,77.44,118.69
CAN,Americas,Northern America,2006,USD,15196.17,65.16,14474.32,7734.07,233.21,222.14,118.69
CHL,Americas,South America,2006,USD,5151.8,65.16,5045.7,7734.07,79.06,77.44,118.69
COL,Americas,South America,2006,USD,6533.95,65.16,5045.7,7734.07,100.28,77.44,118.69
CRI,Americas,Central America,2006,USD,8117.52,65.16,5026.38,7734.07,124.58,77.14,118.69
CZE,Europe,Eastern Europe,2006,USD,8563.99,65.16,6030.48,12334.98,131.43,92.55,189.3
ESP,Europe,Southern Europe,2006,USD,12997.02,65.16,12514.61,12334.98,199.46,192.06,189.3
EST,Europe,Northern Europe,2006,USD,5532.36,65.16,10257.48,12334.98,84.9,157.42,189.3
FRA,Europe,Western Europe,2006,USD,20817.45,65.16,22632.83,12334.98,319.48,347.34,189.3
GBR,Europe,Northern Europe,2006,USD,18179.11,65.16,10257.48,12334.98,278.99,157.42,189.3
GRC,Europe,Southern Europe,2006,USD,15185.99,65.16,12514.61,12334.98,233.06,192.06,189.3
HUN,Europe,Eastern Europe,2006,USD,7118.23,65.16,6030.48,12334.98,109.24,92.55,189.3
IRL,Europe,Northern Europe,2006,USD,17524.61,65.16,10257.48,12334.98,268.95,157.42,189.3
ISR,Asia,Western Asia,2006,USD,12263.04,65.16,10763.43,11387.9,188.2,165.18,174.77
JPN,Asia,Eastern Asia,2006,USD,12777.49,65.16,12012.37,11387.9,196.09,184.35,174.77
KOR,Asia,Eastern Asia,2006,USD,11247.24,65.16,12012.37,11387.9,172.61,184.35,174.77
LTU,Europe,Northern Europe,2006,USD,5880.76,65.16,10257.48,12334.98,90.25,157.42,189.3
LUX,Europe,Western Europe,2006,USD,22872.59,65.16,22632.83,12334.98,351.02,347.34,189.3
LVA,Europe,Northern Europe,2006,USD,4170.54,65.16,10257.48,12334.98,64,157.42,189.3
MEX,Americas,Central America,2006,USD,1935.24,65.16,5026.38,7734.07,29.7,77.14,118.69
NLD,Europe,Western Europe,2006,USD,24338.88,65.16,22632.83,12334.98,373.52,347.34,189.3
NZL,Oceania,Australia and New Zealand,2006,USD,16841.72,65.16,19212.42,19212.42,258.47,294.85,294.85
POL,Europe,Eastern Europe,2006,USD,7488.85,65.16,6030.48,12334.98,114.93,92.55,189.3
PRT,Europe,Southern Europe,2006,USD,9689.12,65.16,12514.61,12334.98,148.7,192.06,189.3
RUS,Europe,Eastern Europe,2006,USD,1332.06,65.16,6030.48,12334.98,20.44,92.55,189.3
SVK,Europe,Eastern Europe,2006,USD,5649.29,65.16,6030.48,12334.98,86.7,92.55,189.3
SVN,Europe,Southern Europe,2006,USD,12186.31,65.16,12514.61,12334.98,187.02,192.06,189.3
TUR,Asia,Western Asia,2006,USD,9263.82,65.16,10763.43,11387.9,142.17,165.18,174.77
USA,Americas,Northern America,2006,USD,13752.47,65.16,14474.32,7734.07,211.06,222.14,118.69
AUS,Oceania,Australia and New Zealand,2007,USD,22298.92,72.44,20130.06,20130.06,307.83,277.89,277.89
BEL,Europe,Western Europe,2007,USD,22762.13,72.44,22903.38,12715.04,314.22,316.17,175.53
BRA,Americas,South America,2007,USD,3675.44,72.44,5166.84,7876.94,50.74,71.33,108.74
CAN,Americas,Northern America,2007,USD,15347.85,72.44,14757.63,7876.94,211.87,203.72,108.74
CHL,Americas,South America,2007,USD,5244.46,72.44,5166.84,7876.94,72.4,71.33,108.74
COL,Americas,South America,2007,USD,6580.62,72.44,5166.84,7876.94,90.84,71.33,108.74
CRI,Americas,Central America,2007,USD,8188.97,72.44,5061.39,7876.94,113.04,69.87,108.74
CZE,Europe,Eastern Europe,2007,USD,8581.18,72.44,6331.8,12715.04,118.46,87.41,175.53
ESP,Europe,Southern Europe,2007,USD,13338.9,72.44,12705.56,12715.04,184.14,175.39,175.53
EST,Europe,Northern Europe,2007,USD,6227.82,72.44,10955.19,12715.04,85.97,151.23,175.53
FRA,Europe,Western Europe,2007,USD,21028.23,72.44,22903.38,12715.04,290.28,316.17,175.53
GBR,Europe,Northern Europe,2007,USD,18691.01,72.44,10955.19,12715.04,258.02,151.23,175.53
GRC,Europe,Southern Europe,2007,USD,15551.05,72.44,12705.56,12715.04,214.67,175.39,175.53
HUN,Europe,Eastern Europe,2007,USD,6909.96,72.44,6331.8,12715.04,95.39,87.41,175.53
IRL,Europe,Northern Europe,2007,USD,18519.08,72.44,10955.19,12715.04,255.65,151.23,175.53
ISR,Asia,Western Asia,2007,USD,12826.39,72.44,11015.07,11813.55,177.06,152.06,163.08
JPN,Asia,Eastern Asia,2007,USD,12910.28,72.44,12612.04,11813.55,178.22,174.1,163.08
KOR,Asia,Eastern Asia,2007,USD,12313.79,72.44,12612.04,11813.55,169.99,174.1,163.08
LTU,Europe,Northern Europe,2007,USD,6287.11,72.44,10955.19,12715.04,86.79,151.23,175.53
LUX,Europe,Western Europe,2007,USD,23301.29,72.44,22903.38,12715.04,321.66,316.17,175.53
LVA,Europe,Northern Europe,2007,USD,5050.93,72.44,10955.19,12715.04,69.73,151.23,175.53
MEX,Americas,Central America,2007,USD,1933.8,72.44,5061.39,7876.94,26.7,69.87,108.74
NLD,Europe,Western Europe,2007,USD,24521.86,72.44,22903.38,12715.04,338.51,316.17,175.53
NZL,Oceania,Australia and New Zealand,2007,USD,17961.2,72.44,20130.06,20130.06,247.95,277.89,277.89
POL,Europe,Eastern Europe,2007,USD,7609.96,72.44,6331.8,12715.04,105.05,87.41,175.53
PRT,Europe,Southern Europe,2007,USD,9881.37,72.44,12705.56,12715.04,136.41,175.39,175.53
RUS,Europe,Eastern Europe,2007,USD,2555.08,72.44,6331.8,12715.04,35.27,87.41,175.53
SVK,Europe,Eastern Europe,2007,USD,6002.82,72.44,6331.8,12715.04,82.87,87.41,175.53
SVN,Europe,Southern Europe,2007,USD,12050.9,72.44,12705.56,12715.04,166.36,175.39,175.53
TUR,Asia,Western Asia,2007,USD,9203.74,72.44,11015.07,11813.55,127.05,152.06,163.08
USA,Americas,Northern America,2007,USD,14167.41,72.44,14757.63,7876.94,195.57,203.72,108.74
AUS,Oceania,Australia and New Zealand,2008,USD,21908.38,96.94,20230.88,20230.88,226,208.69,208.69
BEL,Europe,Western Europe,2008,USD,22670.25,96.94,22836.12,12867.32,233.86,235.57,132.73
BRA,Americas,South America,2008,USD,3820.29,96.94,5201.22,8176.1,39.41,53.65,84.34
CAN,Americas,Northern America,2008,USD,15967.77,96.94,15680.81,8176.1,164.72,161.76,84.34
CHL,Americas,South America,2008,USD,5238.96,96.94,5201.22,8176.1,54.04,53.65,84.34
COL,Americas,South America,2008,USD,6544.42,96.94,5201.22,8176.1,67.51,53.65,84.34
CRI,Americas,Central America,2008,USD,8354.15,96.94,5133.72,8176.1,86.18,52.96,84.34
CZE,Europe,Eastern Europe,2008,USD,8068.15,96.94,6395.58,12867.32,83.23,65.97,132.73
ESP,Europe,Southern Europe,2008,USD,13476.91,96.94,12959.92,12867.32,139.02,133.69,132.73
EST,Europe,Northern Europe,2008,USD,6818.87,96.94,11289.95,12867.32,70.34,116.46,132.73
FRA,Europe,Western Europe,2008,USD,21069.03,96.94,22836.12,12867.32,217.34,235.57,132.73
GBR,Europe,Northern Europe,2008,USD,18666.09,96.94,11289.95,12867.32,192.55,116.46,132.73
GRC,Europe,Southern Europe,2008,USD,15857.24,96.94,12959.92,12867.32,163.58,133.69,132.73
HUN,Europe,Eastern Europe,2008,USD,6864.41,96.94,6395.58,12867.32,70.81,65.97,132.73
IRL,Europe,Northern Europe,2008,USD,18153.25,96.94,11289.95,12867.32,187.26,116.46,132.73
ISR,Asia,Western Asia,2008,USD,12604.91,96.94,10830.81,11853.4,130.03,111.73,122.28
JPN,Asia,Eastern Asia,2008,USD,13007.66,96.94,12875.98,11853.4,134.18,132.82,122.28
KOR,Asia,Eastern Asia,2008,USD,12744.3,96.94,12875.98,11853.4,131.47,132.82,122.28
LTU,Europe,Northern Europe,2008,USD,6975.81,96.94,11289.95,12867.32,71.96,116.46,132.73
LUX,Europe,Western Europe,2008,USD,23004.08,96.94,22836.12,12867.32,237.3,235.57,132.73
LVA,Europe,Northern Europe,2008,USD,5835.74,96.94,11289.95,12867.32,60.2,116.46,132.73
MEX,Americas,Central America,2008,USD,1913.28,96.94,5133.72,8176.1,19.74,52.96,84.34
NLD,Europe,Western Europe,2008,USD,24601.11,96.94,22836.12,12867.32,253.78,235.57,132.73
NZL,Oceania,Australia and New Zealand,2008,USD,18553.37,96.94,20230.88,20230.88,191.39,208.69,208.69
POL,Europe,Eastern Europe,2008,USD,8788.67,96.94,6395.58,12867.32,90.66,65.97,132.73
PRT,Europe,Southern Europe,2008,USD,10181.7,96.94,12959.92,12867.32,105.03,133.69,132.73
RUS,Europe,Eastern Europe,2008,USD,2239.12,96.94,6395.58,12867.32,23.1,65.97,132.73
SVK,Europe,Eastern Europe,2008,USD,6017.53,96.94,6395.58,12867.32,62.07,65.97,132.73
SVN,Europe,Southern Europe,2008,USD,12323.82,96.94,12959.92,12867.32,127.13,133.69,132.73
TUR,Asia,Western Asia,2008,USD,9056.71,96.94,10830.81,11853.4,93.43,111.73,122.28
USA,Americas,Northern America,2008,USD,15393.85,96.94,15680.81,8176.1,158.8,161.76,84.34
AUS,Oceania,Australia and New Zealand,2009,USD,22190.21,61.74,20612.19,20612.19,359.41,333.85,333.85
BEL,Europe,Western Europe,2009,USD,23793.53,61.74,23575.42,13381.48,385.38,381.85,216.74
BRA,Americas,South America,2009,USD,4102.17,61.74,5482.28,8702.83,66.44,88.8,140.96
CAN,Americas,Northern America,2009,USD,16911.52,61.74,17058.39,8702.83,273.92,276.29,140.96
CHL,Americas,South America,2009,USD,5582.34,61.74,5482.28,8702.83,90.42,88.8,140.96
COL,Americas,South America,2009,USD,6762.34,61.74,5482.28,8702.83,109.53,88.8,140.96
CRI,Americas,Central America,2009,USD,8455.18,61.74,5178.1,8702.83,136.95,83.87,140.96
CZE,Europe,Eastern Europe,2009,USD,7986.74,61.74,6938.34,13381.48,129.36,112.38,216.74
ESP,Europe,Southern Europe,2009,USD,14056.47,61.74,13536.32,13381.48,227.67,219.25,216.74
EST,Europe,Northern Europe,2009,USD,6824.22,61.74,11545.59,13381.48,110.53,187,216.74
FRA,Europe,Western Europe,2009,USD,21437.84,61.74,23575.42,13381.48,347.23,381.85,216.74
GBR,Europe,Northern Europe,2009,USD,18879.94,61.74,11545.59,13381.48,305.8,187,216.74
GRC,Europe,Southern Europe,2009,USD,16565.57,61.74,13536.32,13381.48,268.31,219.25,216.74
HUN,Europe,Eastern Europe,2009,USD,6825.64,61.74,6938.34,13381.48,110.55,112.38,216.74
IRL,Europe,Northern Europe,2009,USD,19004.28,61.74,11545.59,13381.48,307.81,187,216.74
ISR,Asia,Western Asia,2009,USD,12423.3,61.74,10856.01,12082.81,201.22,175.83,195.7
JPN,Asia,Eastern Asia,2009,USD,13460.19,61.74,13309.62,12082.81,218.01,215.58,195.7
KOR,Asia,Eastern Asia,2009,USD,13159.05,61.74,13309.62,12082.81,213.14,215.58,195.7
LTU,Europe,Northern Europe,2009,USD,6678.42,61.74,11545.59,13381.48,108.17,187,216.74
LUX,Europe,Western Europe,2009,USD,23962.56,61.74,23575.42,13381.48,388.12,381.85,216.74
LVA,Europe,Northern Europe,2009,USD,6341.11,61.74,11545.59,13381.48,102.71,187,216.74
MEX,Americas,Central America,2009,USD,1901.02,61.74,5178.1,8702.83,30.79,83.87,140.96
NLD,Europe,Western Europe,2009,USD,25107.75,61.74,23575.42,13381.48,406.67,381.85,216.74
NZL,Oceania,Australia and New Zealand,2009,USD,19034.16,61.74,20612.19,20612.19,308.3,333.85,333.85
POL,Europe,Eastern Europe,2009,USD,9595.28,61.74,6938.34,13381.48,155.41,112.38,216.74
PRT,Europe,Southern Europe,2009,USD,10845.93,61.74,13536.32,13381.48,175.67,219.25,216.74
RUS,Europe,Eastern Europe,2009,USD,3775.64,61.74,6938.34,13381.48,61.15,112.38,216.74
SVK,Europe,Eastern Europe,2009,USD,6508.39,61.74,6938.34,13381.48,105.42,112.38,216.74
SVN,Europe,Southern Europe,2009,USD,12677.29,61.74,13536.32,13381.48,205.33,219.25,216.74
TUR,Asia,Western Asia,2009,USD,9288.71,61.74,10856.01,12082.81,150.45,175.83,195.7
USA,Americas,Northern America,2009,USD,17205.25,61.74,17058.39,8702.83,278.67,276.29,140.96
AUS,Oceania,Australia and New Zealand,2010,USD,22078.72,79.61,20577.21,20577.21,277.34,258.48,258.48
BEL,Europe,Western Europe,2010,USD,23283.77,79.61,23395.2,13438.76,292.47,293.87,168.81
BRA,Americas,South America,2010,USD,4322.06,79.61,5633.54,8997.66,54.29,70.76,113.02
CAN,Americas,Northern America,2010,USD,17515.46,79.61,17706.99,8997.66,220.02,222.42,113.02
CHL,Americas,South America,2010,USD,5725.56,79.61,5633.54,8997.66,71.92,70.76,113.02
COL,Americas,South America,2010,USD,6853.01,79.61,5633.54,8997.66,86.08,70.76,113.02
CRI,Americas,Central America,2010,USD,8755.35,79.61,5334.52,8997.66,109.98,67.01,113.02
CZE,Europe,Eastern Europe,2010,USD,7870.82,79.61,6892.67,13438.76,98.87,86.58,168.81
ESP,Europe,Southern Europe,2010,USD,14013.74,79.61,14087.84,13438.76,176.03,176.96,168.81
EST,Europe,Northern Europe,2010,USD,6627.26,79.61,11500.43,13438.76,83.25,144.46,168.81
FRA,Europe,Western Europe,2010,USD,21295.22,79.61,23395.2,13438.76,267.49,293.87,168.81
GBR,Europe,Northern Europe,2010,USD,18691.64,79.61,11500.43,13438.76,234.79,144.46,168.81
GRC,Europe,Southern Europe,2010,USD,16099.3,79.61,14087.84,13438.76,202.23,176.96,168.81
HUN,Europe,Eastern Europe,2010,USD,6691.65,79.61,6892.67,13438.76,84.06,86.58,168.81
IRL,Europe,Northern Europe,2010,USD,19181.15,79.61,11500.43,13438.76,240.94,144.46,168.81
ISR,Asia,Western Asia,2010,USD,12094.72,79.61,10736.05,12098.39,151.92,134.86,151.97
JPN,Asia,Eastern Asia,2010,USD,13786.6,79.61,13460.74,12098.39,173.18,169.08,151.97
KOR,Asia,Eastern Asia,2010,USD,13134.87,79.61,13460.74,12098.39,164.99,169.08,151.97
LTU,Europe,Northern Europe,2010,USD,6591.46,79.61,11500.43,13438.76,82.8,144.46,168.81
LUX,Europe,Western Europe,2010,USD,23819.35,79.61,23395.2,13438.76,299.2,293.87,168.81
LVA,Europe,Northern Europe,2010,USD,6410.64,79.61,11500.43,13438.76,80.53,144.46,168.81
MEX,Americas,Central America,2010,USD,1913.68,79.61,5334.52,8997.66,24.04,67.01,113.02
NLD,Europe,Western Europe,2010,USD,25182.46,79.61,23395.2,13438.76,316.32,293.87,168.81
NZL,Oceania,Australia and New Zealand,2010,USD,19075.7,79.61,20577.21,20577.21,239.61,258.48,258.48
POL,Europe,Eastern Europe,2010,USD,9654.44,79.61,6892.67,13438.76,121.27,86.58,168.81
PRT,Europe,Southern Europe,2010,USD,11290.2,79.61,14087.84,13438.76,141.82,176.96,168.81
RUS,Europe,Eastern Europe,2010,USD,3533.61,79.61,6892.67,13438.76,44.39,86.58,168.81
SVK,Europe,Eastern Europe,2010,USD,6712.85,79.61,6892.67,13438.76,84.32,86.58,168.81
SVN,Europe,Southern Europe,2010,USD,14948.11,79.61,14087.84,13438.76,187.77,176.96,168.81
TUR,Asia,Western Asia,2010,USD,9377.37,79.61,10736.05,12098.39,117.79,134.86,151.97
USA,Americas,Northern America,2010,USD,17898.52,79.61,17706.99,8997.66,224.83,222.42,113.02
AUS,Oceania,Australia and New Zealand,2011,USD,22245.78,111.26,20472.1,20472.1,199.94,184,184
BEL,Europe,Western Europe,2011,USD,23168.41,111.26,23282.12,13334.46,208.24,209.26,119.85
BRA,Americas,South America,2011,USD,4324.61,111.26,5678.72,8963.86,38.87,51.04,80.57
CAN,Americas,Northern America,2011,USD,17565.91,111.26,17458.35,8963.86,157.88,156.91,80.57
CHL,Americas,South America,2011,USD,5819.93,111.26,5678.72,8963.86,52.31,51.04,80.57
COL,Americas,South America,2011,USD,6891.61,111.26,5678.72,8963.86,61.94,51.04,80.57
CRI,Americas,Central America,2011,USD,8867.54,111.26,5397.08,8963.86,79.7,48.51,80.57
CZE,Europe,Eastern Europe,2011,USD,7722.76,111.26,6867.89,13334.46,69.41,61.73,119.85
ESP,Europe,Southern Europe,2011,USD,13753.4,111.26,13993.52,13334.46,123.61,125.77,119.85
EST,Europe,Northern Europe,2011,USD,6312.76,111.26,11315.66,13334.46,56.74,101.7,119.85
FRA,Europe,Western Europe,2011,USD,21269.64,111.26,23282.12,13334.46,191.17,209.26,119.85
GBR,Europe,Northern Europe,2011,USD,18407.96,111.26,11315.66,13334.46,165.45,101.7,119.85
GRC,Europe,Southern Europe,2011,USD,15705.51,111.26,13993.52,13334.46,141.16,125.77,119.85
HUN,Europe,Eastern Europe,2011,USD,6832.82,111.26,6867.89,13334.46,61.41,61.73,119.85
IRL,Europe,Northern Europe,2011,USD,18702.89,111.26,11315.66,13334.46,168.1,101.7,119.85
ISR,Asia,Western Asia,2011,USD,12097.82,111.26,10878.33,12283.02,108.73,97.77,110.4
JPN,Asia,Eastern Asia,2011,USD,14103.73,111.26,13687.71,12283.02,126.76,123.02,110.4
KOR,Asia,Eastern Asia,2011,USD,13271.69,111.26,13687.71,12283.02,119.29,123.02,110.4
LTU,Europe,Northern Europe,2011,USD,6330.02,111.26,11315.66,13334.46,56.89,101.7,119.85
LUX,Europe,Western Europe,2011,USD,23909.21,111.26,23282.12,13334.46,214.89,209.26,119.85
LVA,Europe,Northern Europe,2011,USD,6824.65,111.26,11315.66,13334.46,61.34,101.7,119.85
MEX,Americas,Central America,2011,USD,1926.61,111.26,5397.08,8963.86,17.32,48.51,80.57
NLD,Europe,Western Europe,2011,USD,24781.23,111.26,23282.12,13334.46,222.73,209.26,119.85
NZL,Oceania,Australia and New Zealand,2011,USD,18698.42,111.26,20472.1,20472.1,168.06,184,184
POL,Europe,Eastern Europe,2011,USD,9747.03,111.26,6867.89,13334.46,87.61,61.73,119.85
PRT,Europe,Southern Europe,2011,USD,11121.48,111.26,13993.52,13334.46,99.96,125.77,119.85
RUS,Europe,Eastern Europe,2011,USD,3381.93,111.26,6867.89,13334.46,30.4,61.73,119.85
SVK,Europe,Eastern Europe,2011,USD,6654.92,111.26,6867.89,13334.46,59.81,61.73,119.85
SVN,Europe,Southern Europe,2011,USD,15393.69,111.26,13993.52,13334.46,138.36,125.77,119.85
TUR,Asia,Western Asia,2011,USD,9658.84,111.26,10878.33,12283.02,86.81,97.77,110.4
USA,Americas,Northern America,2011,USD,17350.79,111.26,17458.35,8963.86,155.95,156.91,80.57
AUS,Oceania,Australia and New Zealand,2012,USD,22548.76,111.63,20838.38,20838.38,202,186.67,186.67
BEL,Europe,Western Europe,2012,USD,22979.28,111.63,23270.79,13167.61,205.85,208.46,117.96
BRA,Americas,South America,2012,USD,4689.76,111.63,5914.28,9083.51,42.01,52.98,81.37
CAN,Americas,Northern America,2012,USD,17895.37,111.63,17447.2,9083.51,160.31,156.29,81.37
CHL,Americas,South America,2012,USD,5985.17,111.63,5914.28,9083.51,53.62,52.98,81.37
COL,Americas,South America,2012,USD,7067.91,111.63,5914.28,9083.51,63.32,52.98,81.37
CRI,Americas,Central America,2012,USD,9017.71,111.63,5473.67,9083.51,80.78,49.03,81.37
CZE,Europe,Eastern Europe,2012,USD,7476.95,111.63,7061.29,13167.61,66.98,63.26,117.96
ESP,Europe,Southern Europe,2012,USD,13425.02,111.63,13139.2,13167.61,120.26,117.7,117.96
EST,Europe,Northern Europe,2012,USD,6335.58,111.63,11214.13,13167.61,56.76,100.46,117.96
FRA,Europe,Western Europe,2012,USD,21542.69,111.63,23270.79,13167.61,192.98,208.46,117.96
GBR,Europe,Northern Europe,2012,USD,18370,111.63,11214.13,13167.61,164.56,100.46,117.96
GRC,Europe,Southern Europe,2012,USD,12959.3,111.63,13139.2,13167.61,116.09,117.7,117.96
HUN,Europe,Eastern Europe,2012,USD,7710.99,111.63,7061.29,13167.61,69.08,63.26,117.96
IRL,Europe,Northern Europe,2012,USD,18390.94,111.63,11214.13,13167.61,164.75,100.46,117.96
ISR,Asia,Western Asia,2012,USD,12389.11,111.63,11154.99,12328.14,110.98,99.93,110.44
JPN,Asia,Eastern Asia,2012,USD,14269.03,111.63,13501.29,12328.14,127.82,120.95,110.44
KOR,Asia,Eastern Asia,2012,USD,12733.54,111.63,13501.29,12328.14,114.07,120.95,110.44
LTU,Europe,Northern Europe,2012,USD,6300.19,111.63,11214.13,13167.61,56.44,100.46,117.96
LUX,Europe,Western Europe,2012,USD,23871.14,111.63,23270.79,13167.61,213.84,208.46,117.96
LVA,Europe,Northern Europe,2012,USD,6673.96,111.63,11214.13,13167.61,59.79,100.46,117.96
MEX,Americas,Central America,2012,USD,1929.62,111.63,5473.67,9083.51,17.29,49.03,81.37
NLD,Europe,Western Europe,2012,USD,24690.03,111.63,23270.79,13167.61,221.18,208.46,117.96
NZL,Oceania,Australia and New Zealand,2012,USD,19127.99,111.63,20838.38,20838.38,171.35,186.67,186.67
POL,Europe,Eastern Europe,2012,USD,10186.08,111.63,7061.29,13167.61,91.25,63.26,117.96
PRT,Europe,Southern Europe,2012,USD,10821.37,111.63,13139.2,13167.61,96.94,117.7,117.96
RUS,Europe,Eastern Europe,2012,USD,3302.45,111.63,7061.29,13167.61,29.58,63.26,117.96
SVK,Europe,Eastern Europe,2012,USD,6629.97,111.63,7061.29,13167.61,59.39,63.26,117.96
SVN,Europe,Southern Europe,2012,USD,15351.12,111.63,13139.2,13167.61,137.52,117.7,117.96
TUR,Asia,Western Asia,2012,USD,9920.87,111.63,11154.99,12328.14,88.87,99.93,110.44
USA,Americas,Northern America,2012,USD,16999.02,111.63,17447.2,9083.51,152.28,156.29,81.37
AUS,Oceania,Australia and New Zealand,2013,USD,22615.58,108.56,20985.46,20985.46,208.32,193.31,193.31
BEL,Europe,Western Europe,2013,USD,23409.67,108.56,23303.22,13315.24,215.64,214.66,122.65
BRA,Americas,South America,2013,USD,4813.35,108.56,6098.25,9156.43,44.34,56.17,84.34
CAN,Americas,Northern America,2013,USD,18013.26,108.56,17383.44,9156.43,165.93,160.13,84.34
CHL,Americas,South America,2013,USD,6274.56,108.56,6098.25,9156.43,57.8,56.17,84.34
COL,Americas,South America,2013,USD,7206.83,108.56,6098.25,9156.43,66.39,56.17,84.34
CRI,Americas,Central America,2013,USD,9095.38,108.56,5516.71,9156.43,83.78,50.82,84.34
CZE,Europe,Eastern Europe,2013,USD,7562.88,108.56,7309.74,13315.24,69.67,67.33,122.65
ESP,Europe,Southern Europe,2013,USD,13319.04,108.56,13063.05,13315.24,122.69,120.33,122.65
EST,Europe,Northern Europe,2013,USD,6801.85,108.56,11532.13,13315.24,62.66,106.23,122.65
FRA,Europe,Western Europe,2013,USD,21633.51,108.56,23303.22,13315.24,199.28,214.66,122.65
GBR,Europe,Northern Europe,2013,USD,18289.23,108.56,11532.13,13315.24,168.47,106.23,122.65
GRC,Europe,Southern Europe,2013,USD,12649.3,108.56,13063.05,13315.24,116.52,120.33,122.65
HUN,Europe,Eastern Europe,2013,USD,7987.12,108.56,7309.74,13315.24,73.57,67.33,122.65
IRL,Europe,Northern Europe,2013,USD,18297.85,108.56,11532.13,13315.24,168.55,106.23,122.65
ISR,Asia,Western Asia,2013,USD,12637.71,108.56,11370.73,12636.58,116.41,104.74,116.4
JPN,Asia,Eastern Asia,2013,USD,14466.42,108.56,13902.43,12636.58,133.26,128.06,116.4
KOR,Asia,Eastern Asia,2013,USD,13338.43,108.56,13902.43,12636.58,122.87,128.06,116.4
LTU,Europe,Northern Europe,2013,USD,7595.79,108.56,11532.13,13315.24,69.97,106.23,122.65
LUX,Europe,Western Europe,2013,USD,23783.83,108.56,23303.22,13315.24,219.08,214.66,122.65
LVA,Europe,Northern Europe,2013,USD,6675.93,108.56,11532.13,13315.24,61.5,106.23,122.65
MEX,Americas,Central America,2013,USD,1938.03,108.56,5516.71,9156.43,17.85,50.82,84.34
NLD,Europe,Western Europe,2013,USD,24385.85,108.56,23303.22,13315.24,224.63,214.66,122.65
NZL,Oceania,Australia and New Zealand,2013,USD,19355.34,108.56,20985.46,20985.46,178.29,193.31,193.31
POL,Europe,Eastern Europe,2013,USD,10758.43,108.56,7309.74,13315.24,99.1,67.33,122.65
PRT,Europe,Southern Europe,2013,USD,10791.76,108.56,13063.05,13315.24,99.41,120.33,122.65
RUS,Europe,Eastern Europe,2013,USD,3492.03,108.56,7309.74,13315.24,32.17,67.33,122.65
SVK,Europe,Eastern Europe,2013,USD,6748.22,108.56,7309.74,13315.24,62.16,67.33,122.65
SVN,Europe,Southern Europe,2013,USD,15492.08,108.56,13063.05,13315.24,142.71,120.33,122.65
TUR,Asia,Western Asia,2013,USD,10103.75,108.56,11370.73,12636.58,93.07,104.74,116.4
USA,Americas,Northern America,2013,USD,16753.61,108.56,17383.44,9156.43,154.33,160.13,84.34
AUS,Oceania,Australia and New Zealand,2014,USD,22686.22,98.97,21209.01,21209.01,229.22,214.3,214.3
BEL,Europe,Western Europe,2014,USD,23330.35,98.97,23572.1,13560.53,235.73,238.17,137.02
BRA,Americas,South America,2014,USD,4833.97,98.97,6209.55,9176.66,48.84,62.74,92.72
CAN,Americas,Northern America,2014,USD,18129.47,98.97,17307.82,9176.66,183.18,174.88,92.72
CHL,Americas,South America,2014,USD,6475.96,98.97,6209.55,9176.66,65.43,62.74,92.72
COL,Americas,South America,2014,USD,7318.72,98.97,6209.55,9176.66,73.95,62.74,92.72
CRI,Americas,Central America,2014,USD,9056.56,98.97,5496.17,9176.66,91.51,55.53,92.72
CZE,Europe,Eastern Europe,2014,USD,7804.77,98.97,7576.29,13560.53,78.86,76.55,137.02
ESP,Europe,Southern Europe,2014,USD,13339.17,98.97,13134.74,13560.53,134.78,132.71,137.02
EST,Europe,Northern Europe,2014,USD,7553.83,98.97,11876.16,13560.53,76.32,120,137.02
FRA,Europe,Western Europe,2014,USD,21752.37,98.97,23572.1,13560.53,219.79,238.17,137.02
GBR,Europe,Northern Europe,2014,USD,18430.76,98.97,11876.16,13560.53,186.23,120,137.02
GRC,Europe,Southern Europe,2014,USD,12817.36,98.97,13134.74,13560.53,129.51,132.71,137.02
HUN,Europe,Eastern Europe,2014,USD,8291.25,98.97,7576.29,13560.53,83.78,76.55,137.02
IRL,Europe,Northern Europe,2014,USD,18264.51,98.97,11876.16,13560.53,184.55,120,137.02
ISR,Asia,Western Asia,2014,USD,12576.52,98.97,11404.64,12822.88,127.07,115.23,129.56
JPN,Asia,Eastern Asia,2014,USD,14363.18,98.97,14241.11,12822.88,145.13,143.89,129.56
KOR,Asia,Eastern Asia,2014,USD,14119.04,98.97,14241.11,12822.88,142.66,143.89,129.56
LTU,Europe,Northern Europe,2014,USD,7655.9,98.97,11876.16,13560.53,77.36,120,137.02
LUX,Europe,Western Europe,2014,USD,24710.59,98.97,23572.1,13560.53,249.68,238.17,137.02
LVA,Europe,Northern Europe,2014,USD,7475.79,98.97,11876.16,13560.53,75.54,120,137.02
MEX,Americas,Central America,2014,USD,1935.77,98.97,5496.17,9176.66,19.56,55.53,92.72
NLD,Europe,Western Europe,2014,USD,24495.07,98.97,23572.1,13560.53,247.5,238.17,137.02
NZL,Oceania,Australia and New Zealand,2014,USD,19731.79,98.97,21209.01,21209.01,199.37,214.3,214.3
POL,Europe,Eastern Europe,2014,USD,11290.27,98.97,7576.29,13560.53,114.08,76.55,137.02
PRT,Europe,Southern Europe,2014,USD,10821.86,98.97,13134.74,13560.53,109.34,132.71,137.02
RUS,Europe,Eastern Europe,2014,USD,3455.81,98.97,7576.29,13560.53,34.92,76.55,137.02
SVK,Europe,Eastern Europe,2014,USD,7039.34,98.97,7576.29,13560.53,71.13,76.55,137.02
SVN,Europe,Southern Europe,2014,USD,15560.55,98.97,13134.74,13560.53,157.22,132.71,137.02
TUR,Asia,Western Asia,2014,USD,10232.76,98.97,11404.64,12822.88,103.39,115.23,129.56
USA,Americas,Northern America,2014,USD,16486.16,98.97,17307.82,9176.66,166.58,174.88,92.72
AUS,Oceania,Australia and New Zealand,2015,USD,22962.95,52.32,21666.79,21666.79,438.89,414.12,414.12
BEL,Europe,Western Europe,2015,USD,23200.09,52.32,23470.38,14352.48,443.43,448.59,274.32
BRA,Americas,South America,2015,USD,4825.55,52.32,6256.04,9316.72,92.23,119.57,178.07
CAN,Americas,Northern America,2015,USD,18410.41,52.32,17438.52,9316.72,351.88,333.31,178.07
CHL,Americas,South America,2015,USD,6650.9,52.32,6256.04,9316.72,127.12,119.57,178.07
COL,Americas,South America,2015,USD,7291.68,52.32,6256.04,9316.72,139.37,119.57,178.07
CRI,Americas,Central America,2015,USD,9596.76,52.32,5785.93,9316.72,183.42,110.59,178.07
CZE,Europe,Eastern Europe,2015,USD,8421.46,52.32,7940.87,14352.48,160.96,151.78,274.32
DEU,Europe,Western Europe,2015,USD,23070.98,52.32,23470.38,14352.48,440.96,448.59,274.32
ESP,Europe,Southern Europe,2015,USD,13474.82,52.32,13353.84,14352.48,257.55,255.23,274.32
EST,Europe,Northern Europe,2015,USD,8339.63,52.32,12445.11,14352.48,159.4,237.87,274.32
FRA,Europe,Western Europe,2015,USD,21926.84,52.32,23470.38,14352.48,419.09,448.59,274.32
GBR,Europe,Northern Europe,2015,USD,18912.3,52.32,12445.11,14352.48,361.47,237.87,274.32
GRC,Europe,Southern Europe,2015,USD,13043.81,52.32,13353.84,14352.48,249.31,255.23,274.32
HUN,Europe,Eastern Europe,2015,USD,8582.44,52.32,7940.87,14352.48,164.04,151.78,274.32
IRL,Europe,Northern Europe,2015,USD,18317.61,52.32,12445.11,14352.48,350.11,237.87,274.32
ISR,Asia,Western Asia,2015,USD,13429.47,52.32,12048.47,13417.16,256.68,230.28,256.44
JPN,Asia,Eastern Asia,2015,USD,14556,52.32,14785.85,13417.16,278.21,282.6,256.44
KOR,Asia,Eastern Asia,2015,USD,15015.7,52.32,14785.85,13417.16,287,282.6,256.44
LTU,Europe,Northern Europe,2015,USD,8260.39,52.32,12445.11,14352.48,157.88,237.87,274.32
LUX,Europe,Western Europe,2015,USD,24618.54,52.32,23470.38,14352.48,470.54,448.59,274.32
LVA,Europe,Northern Europe,2015,USD,8395.63,52.32,12445.11,14352.48,160.47,237.87,274.32
MEX,Americas,Central America,2015,USD,1975.09,52.32,5785.93,9316.72,37.75,110.59,178.07
NLD,Europe,Western Europe,2015,USD,24535.47,52.32,23470.38,14352.48,468.95,448.59,274.32
NZL,Oceania,Australia and New Zealand,2015,USD,20370.63,52.32,21666.79,21666.79,389.35,414.12,414.12
POL,Europe,Eastern Europe,2015,USD,11864.41,52.32,7940.87,14352.48,226.77,151.78,274.32
PRT,Europe,Southern Europe,2015,USD,11213.54,52.32,13353.84,14352.48,214.33,255.23,274.32
RUS,Europe,Eastern Europe,2015,USD,3211.97,52.32,7940.87,14352.48,61.39,151.78,274.32
SVK,Europe,Eastern Europe,2015,USD,7624.08,52.32,7940.87,14352.48,145.72,151.78,274.32
SVN,Europe,Southern Europe,2015,USD,15683.17,52.32,13353.84,14352.48,299.75,255.23,274.32
TUR,Asia,Western Asia,2015,USD,10667.46,52.32,12048.47,13417.16,203.89,230.28,256.44
USA,Americas,Northern America,2015,USD,16466.63,52.32,17438.52,9316.72,314.73,333.31,178.07
AUS,Oceania,Australia and New Zealand,2016,USD,23229.11,43.64,22080.46,22080.46,532.29,505.97,505.97
BEL,Europe,Western Europe,2016,USD,22979.09,43.64,23487.89,14783.67,526.56,538.22,338.76
BRA,Americas,South America,2016,USD,4955.84,43.64,6409.75,9442.09,113.56,146.88,216.36
CAN,Americas,Northern America,2016,USD,18694.93,43.64,17478.21,9442.09,428.39,400.51,216.36
CHL,Americas,South America,2016,USD,7016.61,43.64,6409.75,9442.09,160.78,146.88,216.36
COL,Americas,South America,2016,USD,7256.79,43.64,6409.75,9442.09,166.29,146.88,216.36
CRI,Americas,Central America,2016,USD,9867.71,43.64,5954.49,9442.09,226.12,136.45,216.36
CZE,Europe,Eastern Europe,2016,USD,9000.7,43.64,8390.75,14783.67,206.25,192.27,338.76
DEU,Europe,Western Europe,2016,USD,22958.08,43.64,23487.89,14783.67,526.08,538.22,338.76
ESP,Europe,Southern Europe,2016,USD,13637.08,43.64,13544.69,14783.67,312.49,310.37,338.76
EST,Europe,Northern Europe,2016,USD,9181.33,43.64,13463.54,14783.67,210.39,308.51,338.76
FRA,Europe,Western Europe,2016,USD,22023.37,43.64,23487.89,14783.67,504.66,538.22,338.76
GBR,Europe,Northern Europe,2016,USD,20583.27,43.64,13463.54,14783.67,471.66,308.51,338.76
GRC,Europe,Southern Europe,2016,USD,13152.4,43.64,13544.69,14783.67,301.38,310.37,338.76
HUN,Europe,Eastern Europe,2016,USD,9037.19,43.64,8390.75,14783.67,207.09,192.27,338.76
IRL,Europe,Northern Europe,2016,USD,19374.82,43.64,13463.54,14783.67,443.97,308.51,338.76
ISR,Asia,Western Asia,2016,USD,14021.14,43.64,13597.17,14551.57,321.29,311.58,333.45
JPN,Asia,Eastern Asia,2016,USD,14941.47,43.64,15505.98,14551.57,342.38,355.32,333.45
KOR,Asia,Eastern Asia,2016,USD,16070.49,43.64,15505.98,14551.57,368.25,355.32,333.45
LTU,Europe,Northern Europe,2016,USD,9561.56,43.64,13463.54,14783.67,219.1,308.51,338.76
LUX,Europe,Western Europe,2016,USD,24547.15,43.64,23487.89,14783.67,562.49,538.22,338.76
LVA,Europe,Northern Europe,2016,USD,8616.73,43.64,13463.54,14783.67,197.45,308.51,338.76
MEX,Americas,Central America,2016,USD,2041.27,43.64,5954.49,9442.09,46.78,136.45,216.36
NLD,Europe,Western Europe,2016,USD,24931.75,43.64,23487.89,14783.67,571.3,538.22,338.76
NZL,Oceania,Australia and New Zealand,2016,USD,20931.8,43.64,22080.46,22080.46,479.65,505.97,505.97
POL,Europe,Eastern Europe,2016,USD,12626.31,43.64,8390.75,14783.67,289.33,192.27,338.76
PRT,Europe,Southern Europe,2016,USD,11697.48,43.64,13544.69,14783.67,268.04,310.37,338.76
RUS,Europe,Eastern Europe,2016,USD,3121.4,43.64,8390.75,14783.67,71.53,192.27,338.76
SVK,Europe,Eastern Europe,2016,USD,8168.14,43.64,8390.75,14783.67,187.17,192.27,338.76
SVN,Europe,Southern Europe,2016,USD,15691.8,43.64,13544.69,14783.67,359.57,310.37,338.76
TUR,Asia,Western Asia,2016,USD,13173.19,43.64,13597.17,14551.57,301.86,311.58,333.45
USA,Americas,Northern America,2016,USD,16261.48,43.64,17478.21,9442.09,372.63,400.51,216.36
AUS,Oceania,Australia and New Zealand,2017,USD,23436.3,54.13,22333.56,22333.56,432.96,412.59,412.59
BEL,Europe,Western Europe,2017,USD,22951.45,54.13,23743.8,15148.66,424.01,438.64,279.86
BRA,Americas,South America,2017,USD,5101.04,54.13,6590.04,9504.54,94.24,121.74,175.59
CAN,Americas,Northern America,2017,USD,19020.03,54.13,17471.17,9504.54,351.38,322.76,175.59
CHL,Americas,South America,2017,USD,7225.29,54.13,6590.04,9504.54,133.48,121.74,175.59
COL,Americas,South America,2017,USD,7443.79,54.13,6590.04,9504.54,137.52,121.74,175.59
CRI,Americas,Central America,2017,USD,9709.84,54.13,5909.65,9504.54,179.38,109.18,175.59
CZE,Europe,Eastern Europe,2017,USD,9761.57,54.13,9132.02,15148.66,180.34,168.71,279.86
DEU,Europe,Western Europe,2017,USD,23653.28,54.13,23743.8,15148.66,436.97,438.64,279.86
ESP,Europe,Southern Europe,2017,USD,14449.85,54.13,13833.24,15148.66,266.95,255.56,279.86
EST,Europe,Northern Europe,2017,USD,9703.8,54.13,13622.51,15148.66,179.27,251.66,279.86
FRA,Europe,Western Europe,2017,USD,22001.23,54.13,23743.8,15148.66,406.45,438.64,279.86
GBR,Europe,Northern Europe,2017,USD,20693.78,54.13,13622.51,15148.66,382.3,251.66,279.86
GRC,Europe,Southern Europe,2017,USD,13006.56,54.13,13833.24,15148.66,240.28,255.56,279.86
HUN,Europe,Eastern Europe,2017,USD,10154.32,54.13,9132.02,15148.66,187.59,168.71,279.86
IRL,Europe,Northern Europe,2017,USD,19520.1,54.13,13622.51,15148.66,360.62,251.66,279.86
ISR,Asia,Western Asia,2017,USD,14761.87,54.13,13776.66,14949.81,272.71,254.51,276.18
JPN,Asia,Eastern Asia,2017,USD,15331.68,54.13,16122.96,14949.81,283.24,297.86,276.18
KOR,Asia,Eastern Asia,2017,USD,16914.24,54.13,16122.96,14949.81,312.47,297.86,276.18
LTU,Europe,Northern Europe,2017,USD,9597.21,54.13,13622.51,15148.66,177.3,251.66,279.86
LUX,Europe,Western Europe,2017,USD,25078.53,54.13,23743.8,15148.66,463.3,438.64,279.86
LVA,Europe,Northern Europe,2017,USD,8597.67,54.13,13622.51,15148.66,158.83,251.66,279.86
MEX,Americas,Central America,2017,USD,2109.46,54.13,5909.65,9504.54,38.97,109.18,175.59
NLD,Europe,Western Europe,2017,USD,25034.51,54.13,23743.8,15148.66,462.49,438.64,279.86
NZL,Oceania,Australia and New Zealand,2017,USD,21230.82,54.13,22333.56,22333.56,392.22,412.59,412.59
POL,Europe,Eastern Europe,2017,USD,13372.46,54.13,9132.02,15148.66,247.04,168.71,279.86
PRT,Europe,Southern Europe,2017,USD,12127.42,54.13,13833.24,15148.66,224.04,255.56,279.86
RUS,Europe,Eastern Europe,2017,USD,3712.19,54.13,9132.02,15148.66,68.58,168.71,279.86
SVK,Europe,Eastern Europe,2017,USD,8659.58,54.13,9132.02,15148.66,159.98,168.71,279.86
SVN,Europe,Southern Europe,2017,USD,15749.12,54.13,13833.24,15148.66,290.95,255.56,279.86
TUR,Asia,Western Asia,2017,USD,12791.45,54.13,13776.66,14949.81,236.31,254.51,276.18
USA,Americas,Northern America,2017,USD,15922.31,54.13,17471.17,9504.54,294.15,322.76,175.59
AUS,Oceania,Australia and New Zealand,2018,USD,23778.64,71.34,22713.88,22713.88,333.31,318.39,318.39
BEL,Europe,Western Europe,2018,USD,22712.52,71.34,23567.97,15479.28,318.37,330.36,216.98
BRA,Americas,South America,2018,USD,5009.98,71.34,6680.84,9793.41,70.23,93.65,137.28
CAN,Americas,Northern America,2018,USD,21019.05,71.34,18280.86,9793.41,294.63,256.25,137.28
CHL,Americas,South America,2018,USD,7396.97,71.34,6680.84,9793.41,103.69,93.65,137.28
COL,Americas,South America,2018,USD,7635.56,71.34,6680.84,9793.41,107.03,93.65,137.28
CRI,Americas,Central America,2018,USD,9729.68,71.34,5974.83,9793.41,136.38,83.75,137.28
CZE,Europe,Eastern Europe,2018,USD,10598.65,71.34,9877.27,15479.28,148.57,138.45,216.98
DEU,Europe,Western Europe,2018,USD,23250.54,71.34,23567.97,15479.28,325.91,330.36,216.98
ESP,Europe,Southern Europe,2018,USD,14778.09,71.34,14103.83,15479.28,207.15,197.7,216.98
EST,Europe,Northern Europe,2018,USD,9980.24,71.34,14092.97,15479.28,139.9,197.55,216.98
FRA,Europe,Western Europe,2018,USD,21867.01,71.34,23567.97,15479.28,306.52,330.36,216.98
GBR,Europe,Northern Europe,2018,USD,21103.97,71.34,14092.97,15479.28,295.82,197.55,216.98
GRC,Europe,Southern Europe,2018,USD,12925.7,71.34,14103.83,15479.28,181.18,197.7,216.98
HUN,Europe,Eastern Europe,2018,USD,10673.43,71.34,9877.27,15479.28,149.61,138.45,216.98
IRL,Europe,Northern Europe,2018,USD,20055.24,71.34,14092.97,15479.28,281.12,197.55,216.98
ISR,Asia,Western Asia,2018,USD,15520.73,71.34,14037.6,15779.51,217.56,196.77,221.19
JPN,Asia,Eastern Asia,2018,USD,15643.79,71.34,17521.42,15779.51,219.28,245.6,221.19
KOR,Asia,Eastern Asia,2018,USD,19399.04,71.34,17521.42,15779.51,271.92,245.6,221.19
LTU,Europe,Northern Europe,2018,USD,9836.93,71.34,14092.97,15479.28,137.89,197.55,216.98
LUX,Europe,Western Europe,2018,USD,24958.28,71.34,23567.97,15479.28,349.85,330.36,216.98
LVA,Europe,Northern Europe,2018,USD,9488.46,71.34,14092.97,15479.28,133,197.55,216.98
MEX,Americas,Central America,2018,USD,2219.97,71.34,5974.83,9793.41,31.12,83.75,137.28
NLD,Europe,Western Europe,2018,USD,25051.48,71.34,23567.97,15479.28,351.16,330.36,216.98
NZL,Oceania,Australia and New Zealand,2018,USD,21649.11,71.34,22713.88,22713.88,303.46,318.39,318.39
POL,Europe,Eastern Europe,2018,USD,13791.06,71.34,9877.27,15479.28,193.31,138.45,216.98
PRT,Europe,Southern Europe,2018,USD,12504.06,71.34,14103.83,15479.28,175.27,197.7,216.98
RUS,Europe,Eastern Europe,2018,USD,5002.13,71.34,9877.27,15479.28,70.12,138.45,216.98
SVK,Europe,Eastern Europe,2018,USD,9321.06,71.34,9877.27,15479.28,130.66,138.45,216.98
SVN,Europe,Southern Europe,2018,USD,16207.48,71.34,14103.83,15479.28,227.19,197.7,216.98
TUR,Asia,Western Asia,2018,USD,12554.47,71.34,14037.6,15779.51,175.98,196.77,221.19
USA,Americas,Northern America,2018,USD,15542.67,71.34,18280.86,9793.41,217.87,256.25,137.28
AUS,Oceania,Australia and New Zealand,2019,USD,24161.03,64.3,23283.66,23283.66,375.75,362.11,362.11
BEL,Europe,Western Europe,2019,USD,22838.17,64.3,23790.61,16206.25,355.18,369.99,252.04
BRA,Americas,South America,2019,USD,5052.44,64.3,6856.05,9925.74,78.58,106.63,154.37
CAN,Americas,Northern America,2019,USD,21371.26,64.3,18318.64,9925.74,332.37,284.89,154.37
CHL,Americas,South America,2019,USD,7697.64,64.3,6856.05,9925.74,119.71,106.63,154.37
COL,Americas,South America,2019,USD,7818.07,64.3,6856.05,9925.74,121.59,106.63,154.37
CRI,Americas,Central America,2019,USD,9785.14,64.3,6137.38,9925.74,152.18,95.45,154.37
CZE,Europe,Eastern Europe,2019,USD,11403.27,64.3,10387.58,16206.25,177.34,161.55,252.04
DEU,Europe,Western Europe,2019,USD,23756.23,64.3,23790.61,16206.25,369.46,369.99,252.04
ESP,Europe,Southern Europe,2019,USD,17947.94,64.3,15449.64,16206.25,279.13,240.27,252.04
EST,Europe,Northern Europe,2019,USD,10538.67,64.3,15045.85,16206.25,163.9,233.99,252.04
FRA,Europe,Western Europe,2019,USD,21955.68,64.3,23790.61,16206.25,341.46,369.99,252.04
GBR,Europe,Northern Europe,2019,USD,21735.41,64.3,15045.85,16206.25,338.03,233.99,252.04
GRC,Europe,Southern Europe,2019,USD,14182.01,64.3,15449.64,16206.25,220.56,240.27,252.04
HUN,Europe,Eastern Europe,2019,USD,11151.89,64.3,10387.58,16206.25,173.44,161.55,252.04
IRL,Europe,Northern Europe,2019,USD,20388.79,64.3,15045.85,16206.25,317.09,233.99,252.04
ISR,Asia,Western Asia,2019,USD,15390.81,64.3,14565.82,16652.56,239.36,226.53,258.98
JPN,Asia,Eastern Asia,2019,USD,16049.13,64.3,18739.31,16652.56,249.6,291.44,258.98
KOR,Asia,Eastern Asia,2019,USD,21429.49,64.3,18739.31,16652.56,333.27,291.44,258.98
LTU,Europe,Northern Europe,2019,USD,13337.38,64.3,15045.85,16206.25,207.42,233.99,252.04
LUX,Europe,Western Europe,2019,USD,25385.17,64.3,23790.61,16206.25,394.79,369.99,252.04
LVA,Europe,Northern Europe,2019,USD,9228.99,64.3,15045.85,16206.25,143.53,233.99,252.04
MEX,Americas,Central America,2019,USD,2489.61,64.3,6137.38,9925.74,38.72,95.45,154.37
NLD,Europe,Western Europe,2019,USD,25017.78,64.3,23790.61,16206.25,389.08,369.99,252.04
NZL,Oceania,Australia and New Zealand,2019,USD,22406.28,64.3,23283.66,23283.66,348.46,362.11,362.11
POL,Europe,Eastern Europe,2019,USD,14454.17,64.3,10387.58,16206.25,224.79,161.55,252.04
PRT,Europe,Southern Europe,2019,USD,12891.58,64.3,15449.64,16206.25,200.49,240.27,252.04
RUS,Europe,Eastern Europe,2019,USD,5092.85,64.3,10387.58,16206.25,79.2,161.55,252.04
SVK,Europe,Eastern Europe,2019,USD,9835.74,64.3,10387.58,16206.25,152.97,161.55,252.04
SVN,Europe,Southern Europe,2019,USD,16777.01,64.3,15449.64,16206.25,260.92,240.27,252.04
TUR,Asia,Western Asia,2019,USD,13740.82,64.3,14565.82,16652.56,213.7,226.53,258.98
USA,Americas,Northern America,2019,USD,15266.02,64.3,18318.64,9925.74,237.42,284.89,154.37
AUS,Oceania,Australia and New Zealand,2020,USD,24526.15,41.96,24296.32,24296.32,584.51,579.04,579.04
BEL,Europe,Western Europe,2020,USD,22897.17,41.96,23905.15,16801.83,545.69,569.71,400.42
BRA,Americas,South America,2020,USD,5125.75,41.96,7046.45,10118.44,122.16,167.93,241.14
CAN,Americas,Northern America,2020,USD,21760.75,41.96,18420.38,10118.44,518.61,439,241.14
CHL,Americas,South America,2020,USD,7930.51,41.96,7046.45,10118.44,189,167.93,241.14
COL,Americas,South America,2020,USD,8083.08,41.96,7046.45,10118.44,192.64,167.93,241.14
CRI,Americas,Central America,2020,USD,9959.91,41.96,6424.49,10118.44,237.37,153.11,241.14
CZE,Europe,Eastern Europe,2020,USD,11954.5,41.96,11166.72,16801.83,284.9,266.13,400.42
DEU,Europe,Western Europe,2020,USD,23379.06,41.96,23905.15,16801.83,557.17,569.71,400.42
ESP,Europe,Southern Europe,2020,USD,19006.38,41.96,16234.8,16801.83,452.96,386.91,400.42
EST,Europe,Northern Europe,2020,USD,11448.26,41.96,15787.25,16801.83,272.84,376.25,400.42
FRA,Europe,Western Europe,2020,USD,22112.99,41.96,23905.15,16801.83,527,569.71,400.42
GBR,Europe,Northern Europe,2020,USD,22781.65,41.96,15787.25,16801.83,542.94,376.25,400.42
GRC,Europe,Southern Europe,2020,USD,14479.89,41.96,16234.8,16801.83,345.09,386.91,400.42
HUN,Europe,Eastern Europe,2020,USD,11662.07,41.96,11166.72,16801.83,277.93,266.13,400.42
IRL,Europe,Northern Europe,2020,USD,21083.47,41.96,15787.25,16801.83,502.47,376.25,400.42
ISR,Asia,Western Asia,2020,USD,15481.91,41.96,14779.88,16977.4,368.97,352.24,404.61
JPN,Asia,Eastern Asia,2020,USD,16422.23,41.96,19174.93,16977.4,391.38,456.98,404.61
KOR,Asia,Eastern Asia,2020,USD,21927.62,41.96,19174.93,16977.4,522.58,456.98,404.61
LTU,Europe,Northern Europe,2020,USD,14414.05,41.96,15787.25,16801.83,343.52,376.25,400.42
LUX,Europe,Western Europe,2020,USD,25808.14,41.96,23905.15,16801.83,615.07,569.71,400.42
LVA,Europe,Northern Europe,2020,USD,9208.82,41.96,15787.25,16801.83,219.47,376.25,400.42
MEX,Americas,Central America,2020,USD,2889.06,41.96,6424.49,10118.44,68.85,153.11,241.14
NLD,Europe,Western Europe,2020,USD,25328.38,41.96,23905.15,16801.83,603.63,569.71,400.42
NZL,Oceania,Australia and New Zealand,2020,USD,24066.48,41.96,24296.32,24296.32,573.56,579.04,579.04
POL,Europe,Eastern Europe,2020,USD,16157.38,41.96,11166.72,16801.83,385.07,266.13,400.42
PRT,Europe,Southern Europe,2020,USD,13645.28,41.96,16234.8,16801.83,325.2,386.91,400.42
RUS,Europe,Eastern Europe,2020,USD,5297.47,41.96,11166.72,16801.83,126.25,266.13,400.42
SVK,Europe,Eastern Europe,2020,USD,10762.18,41.96,11166.72,16801.83,256.49,266.13,400.42
SVN,Europe,Southern Europe,2020,USD,17807.63,41.96,16234.8,16801.83,424.4,386.91,400.42
TUR,Asia,Western Asia,2020,USD,14077.84,41.96,14779.88,16977.4,335.51,352.24,404.61
USA,Americas,Northern America,2020,USD,15080,41.96,18420.38,10118.44,359.39,439,241.14
