,Country Name,Country Code,Indicator Name,2000,2001,2002,2003,2004,2005,2006,2007,2008,2009,2010,2011,2012,2013,2014,2015,2016,2017,2018,2019,2020
1,Brazil,BRA,Access to electricity (% of population),94.3640060424805,96.016528,96.652996,96.980098,96.765107,97.093513,97.594314,98.125382,98.526625,98.856938,99.3521728515625,99.328691,99.519494,99.575151,99.650247,99.710902,99.7,99.8,99.7,99.8,
20,Brazil,BRA,Adjusted net national income (annual % growth),4.53562899001925,0.929025385844469,3.68939604422458,1.09003806689481,5.2297307360122,3.40332120278386,4.91329442858977,5.7048957073771,4.10470364931568,4.7748104244253,5.15543340344016,5.22962091018118,2.59187576651942,4.12892821915767,-0.142055812093474,-2.94415103269952,-3.12027459749011,0.891446291987592,-1.27795882209897,1.18881873876806,
54,Brazil,BRA,Age dependency ratio (% of working-age population),54.2908970868825,53.4421557461506,52.5779174096593,51.7232540316151,50.8902180700992,50.0762423027583,49.2414514306109,48.4596536868299,47.7154460488446,46.9917882807018,46.2933000520452,45.6573636146785,45.0795491758254,44.5602184175111,44.1116973538508,43.7481057956148,43.57751318923,43.4500601777909,43.3833797280159,43.3913815311832,43.4750564079061
58,Brazil,BRA,Agricultural land (% of land area),27.3175012622426,27.3299083288866,27.3423153955306,27.3547224621746,27.3671295288186,27.3795365954626,27.3925777744809,27.4788170573836,27.5650563402862,27.6512956231889,27.7375349060916,27.8237741889942,27.9100134718969,27.9962527547995,28.0824920377022,28.1687313206048,28.2549706035075,28.3410663137971,28.3410903622098,,
76,Brazil,BRA,"Air transport, passengers carried",31287784.0,34285574.0,35889538.0,32372040.0,35263795.0,37661733.0,40945038.0,45286990.0,58763225.0,67945578.0,74627064.0,87860363.0,94752568.0,95591641.0,100403628.0,102039359.0,94142377.0,96395709.0,102109977.0,102917546.0,45405756.0
127,Brazil,BRA,Broad money (% of GDP),46.4865878068579,58.6361717166178,55.0049821725667,56.5263637979904,56.3320651091777,60.1330444597422,63.249779465788,68.3591986203862,70.4894529683896,76.0904194368971,74.2193801418355,76.825275137052,79.052862020896,78.6265278092152,81.906564014111,88.0696276444147,93.8211379438764,93.059558109052,93.7130340291238,95.8258109062606,111.524625625808
138,Brazil,BRA,Cereal production (metric tons),46527202.0,57125393.0,50875594.0,67454329.0,63953364.0,55670925.0,59148978.0,69441634.0,79745466.0,70914791.0,75160152.0,77586276.0,89908244.0,100901726.0,101402184.0,106027826.0,84167849.0,117979368.0,103064737.0,,
190,Brazil,BRA,CO2 emissions (kt),312670.0,319560.0,317280.0,309350.0,326760.0,330510.0,333980.0,351520.0,372160.0,350830.0,397730.0,417120.0,451760.0,482860.0,506780.0,479970.0,441910.0,449840.0,427710.0,,
226,Brazil,BRA,Consumer price index (2010 = 100),52.5315827425714,56.1249316036127,60.8675805806435,69.8241962003048,74.430627668128,79.5436673306746,82.8714308457339,85.8890058743968,90.7662937251917,95.2029817480311,100.0,106.636449622131,112.398549260784,119.372104441451,126.927212865611,138.388614560103,150.482594206408,155.668786230018,161.373814183906,167.397860280061,172.774291252888
281,Brazil,BRA,Current account balance (% of GDP),-3.80802596959523,-4.23565868067802,-1.59720040162055,0.642666420591096,1.65737319874836,1.55258195565052,1.18171449177926,0.0303904212556401,-1.82417504958833,-1.58541792660829,-3.58726887840791,-2.92367160674651,-3.42490001495456,-3.23478352258714,-4.13996150769594,-3.04010290368,-1.36299692052899,-1.06775521762964,-2.68432717793096,-3.46304529607356,-1.69524515252442
345,Brazil,BRA,Electric power consumption (kWh per capita),1897.3531483339,1747.93963100227,1806.66968430883,1882.2640283351,1956.1593806705,2015.79986940967,2072.36268025729,2167.60656085352,2229.84529915118,2197.12558127756,2374.1166283676,2430.80330981809,2501.47410302509,2568.82969521703,2619.96049944708,,,,,,
357,Brazil,BRA,"Employers, total (% of total employment) (modeled ILO estimate)",4.46999979019165,4.38000011444092,4.40999984741211,4.34000015258789,4.23999977111816,4.3899998664856,4.6100001335144,3.86999988555908,4.61999988555908,4.42000007629395,3.9300000667572,3.47000002861023,3.99000000953674,4.11999988555908,4.11999988555908,4.38000011444092,4.36999988555908,4.71999979019165,4.84999990463257,4.75,
456,Brazil,BRA,Forest area (% of land area),65.9343586013156,65.4616708980706,64.9889831948257,64.5162954915806,64.0436077883357,63.5709200850907,63.0982323818457,62.6255446786007,62.1528569753558,61.6801692721108,61.2074815688658,61.023328156743,60.8391747446202,60.6550213324974,60.4708679203746,60.2867145082518,60.0710325503043,59.8328814784151,59.7084279516735,59.5585261792696,59.4174780513368
472,Brazil,BRA,GDP per capita (current US$),3749.91084752888,3160.24934491441,2839.49150108966,3070.43641941942,3637.3138901512,4790.45656586131,5886.39152194816,7348.18796290712,8831.18364277674,8597.79433526264,11286.071540212,13245.387369564,12370.2232548476,12300.3867121004,12112.8349554875,8813.98980647828,8710.06328995352,9928.67589653405,9151.38173161536,8897.55296585529,6796.84454227877
473,Brazil,BRA,GDP per capita growth (annual %),2.91182643514742,0.0133708606751668,1.70947096619183,-0.122933723843431,4.49707706267368,2.02630422889041,2.83475848402813,4.97470189602738,4.05441066380965,-1.08194236869856,6.52437005565609,3.02640196933812,1.01454082117884,2.10888584808248,-0.352483145005351,-4.35147506604415,-4.06941092381417,0.508337980314494,0.988960032623851,0.651853445818901,-4.74055319539093
498,Brazil,BRA,GNI per capita growth (annual %),5.43704427288552,-0.347340947278369,1.55715833782007,0.0757464922485553,4.71793811637593,2.08408641605298,3.22315270704409,5.38492826147461,3.7143138682779,-0.90512281125379,5.57204174476156,3.550403107905,1.08871784906295,3.28551208268514,-0.830010249915887,-4.36572470051019,-4.30693337636102,0.774813388209481,0.0379510305836419,0.76273910312463,-4.01279466105547
518,Brazil,BRA,Gross capital formation (% of GDP),18.90311926897,18.7418602932515,17.4490794845037,16.856688397799,17.9125683419389,17.2048834606779,17.8164739011777,19.8193259878843,21.6193828352979,18.7961350458887,21.8013215651568,21.8262711070469,21.4172253653349,21.6937669402108,20.5484107588347,17.4116258632937,14.9695469753696,14.6255875996264,15.0950416332281,15.4030094838876,15.4048651869991
615,Brazil,BRA,Individuals using the Internet (% of population),2.870685159,4.528494869,9.149425086,13.2075861,19.07367227,21.02274725,28.17838018,30.88,33.83,39.22,40.65,45.69,48.56,51.04,54.55100188,58.32795173,60.87254007,67.47128452,70.43428254,73.91244005,
625,Brazil,BRA,"Inflation, consumer prices (annual %)",7.04414105947266,6.84035902487525,8.4501643770833,14.7149197228147,6.59718509985962,6.86953720898965,4.18356812896902,3.64127299102654,5.67859390284171,4.88803479876804,5.03872690108066,6.63644962213085,5.40349914037009,6.204310666401,6.32904015516142,9.02990102416129,8.73914352329393,3.44637335032672,3.66485028376724,3.73297621216894,3.21176803803379
673,Brazil,BRA,"Labor force participation rate, total (% of total population ages 15-64) (modeled ILO estimate)",67.81,68.09,68.94,69.06,69.96,70.71,70.3,70.17,70.23,70.63,69.65,68.65,69.51,69.56,69.47,69.8,69.74,70.17,70.31,70.93,
794,Brazil,BRA,"Mortality rate, under-5 (per 1,000 live births)",34.7,32.5,30.4,28.4,26.5,24.8,23.2,21.8,20.6,19.5,18.6,17.9,17.2,16.7,16.3,15.9,16.7,15.4,15.2,14.9,14.7
964,Brazil,BRA,"People using at least basic sanitation services, urban (% of urban population)",81.60987759,82.2280905,82.84718348,83.46715652,84.08800963,84.70974279,85.33235602,85.95584931,86.58022266,87.20547607,87.83160955,88.45862309,89.08651669,89.71529035,90.34494407,90.97547786,91.60689171,92.23918562,92.87235959,93.50641363,94.1137462
1010,Brazil,BRA,Population ages 15-64 (% of total population),64.8126378151104,65.1711386304347,65.5402837245385,65.9094747029532,66.2733482740752,66.6327982335813,67.0055129009731,67.3583682756159,67.6977274041696,68.0310112140449,68.3558301903697,68.6542700836965,68.9277022114691,69.1753242574889,69.3906196906341,69.5661340906186,69.6487895917995,69.7106712029254,69.7430902567055,69.7391982309441,69.6985262243169
1049,Brazil,BRA,Population growth (annual %),1.42416744229362,1.36695595542708,1.31274754952678,1.25737996705435,1.20129414101631,1.14588477164177,1.09019257285986,1.03786468320243,0.994310571973971,0.961946715342144,0.937959306704135,0.915965178459778,0.893525506727112,0.873605695817564,0.855795964130977,0.838838953278811,0.823752152538353,0.807145245445964,0.783844259734468,0.751550842096973,0.712872791114979
1402,Brazil,BRA,"Unemployment, total (% of total labor force) (national estimate)",,9.60999965667725,9.36999988555908,9.98999977111816,9.10999965667725,9.56999969482422,8.64000034332275,8.32999992370605,7.34000015258789,8.52000045776367,,6.92000007629395,7.25,7.07000017166138,6.76000022888184,8.5600004196167,11.7399997711182,12.9300003051758,12.460000038147,12.0500001907349,13.9300003051758
1413,Brazil,BRA,Urban population,141915772.0,144508695.0,147005324.0,149452653.0,151843987.0,154176529.0,156447982.0,158660054.0,160823508.0,162949974.0,165055096.0,167158531.0,169240747.0,171300683.0,173346780.0,175375428.0,177386817.0,179379296.0,181335496.0,183241634.0,185081854.0
1444,China,CHN,Access to electricity (% of population),96.9308700561523,97.2132186889648,97.4872817993164,97.7518768310547,98.0058364868164,98.2481307983398,98.4812927246094,98.7114028930664,98.9447021484375,99.1874160766602,99.7,99.8572235107422,99.9648742675781,99.9970092773438,100.0,100.0,100.0,100.0,100.0,100.0,
1463,China,CHN,Adjusted net national income (annual % growth),9.59119060712101,11.6510463162215,12.2392551980183,11.9377591627569,11.3758810869875,13.0300459246784,14.4555660199864,15.5125859945028,7.19457780648769,13.3854111773499,9.08839234282459,4.63093950529311,10.6613727922473,6.78842931542074,8.84942449908684,7.95782685246536,8.53805967711195,7.927135555967,5.20007191629261,5.08170551176728,
1497,China,CHN,Age dependency ratio (% of working-age population),46.2000563478889,45.2523408153918,43.5993398126902,41.606234661809,39.8428260613506,38.5730966495374,37.6015877423412,37.0137663297364,36.7435137159405,36.6013371826769,36.489722882657,36.5541919260221,36.654907668226,36.8346039348015,37.1756399469686,37.7138573117289,38.4988746306529,39.4359456153723,40.4452688513777,41.3961197613066,42.207228628118
1501,China,CHN,Agricultural land (% of land area),55.5700446698569,55.6328406499339,55.695637819864,55.7583318331087,55.8204876430821,55.8831828468425,55.9457666238713,56.0083515761775,56.0709365390941,56.1332002008976,56.1202755223834,56.1169108294991,56.107828313151,56.1080381401584,56.0967380472843,56.090201435984,56.0816654067681,56.0793505508419,56.0790834053772,,
1519,China,CHN,"Air transport, passengers carried",61891807.0,72660653.0,83671798.0,86040642.0,119789024.0,136721623.0,158013351.0,183613132.0,191001220.0,229062099.0,266293020.0,292160158.0,318475924.0,352795296.0,390878784.0,436183969.0,487960477.0,551234509.0,611439830.0,659629070.0,417255845.0
1570,China,CHN,Broad money (% of GDP),135.580416035304,141.08562496034,145.390144727744,153.550935354663,149.793554727932,151.085803562345,157.494532482608,149.371964536552,148.840914139071,175.091378859566,176.126636974039,174.527719800556,180.873584238607,186.609379383303,190.870921682684,202.11388866789,207.673757889367,201.406397971845,195.035875938151,197.886547609537,211.387095505593
1581,China,CHN,Cereal production (metric tons),407336509.0,398396811.0,398688240.0,376655003.0,413163790.0,429370265.0,452800282.0,457809418.0,480125970.0,483277147.0,497920509.0,521171808.0,541163568.0,554422547.0,559325222.0,623197344.0,618011522.0,619879237.0,612170193.0,,
1633,China,CHN,CO2 emissions (kt),3344090.0,3526750.0,3808330.0,4413300.0,5121830.0,5819120.0,6431910.0,6988210.0,7195010.0,7715110.0,8470570.0,9278250.0,9533210.0,9936680.0,9894940.0,9830430.0,9814310.0,10017770.0,10313460.0,,
1669,China,CHN,Consumer price index (2010 = 100),80.9700222903012,81.552298456301,80.9553593614031,81.8682148167155,84.9993772047539,86.5093181065059,87.9362296125359,92.1719134940608,97.6333310615016,96.9223990713835,100.0,105.553898922575,108.318908982374,111.158001765192,113.294060199837,114.922122819496,117.220567369674,119.088050428682,121.558877866113,125.083154382075,128.109443605623
1724,China,CHN,Current account balance (% of GDP),1.69384860067113,1.29916795723171,2.40875846563914,2.59301902752269,3.52576604119287,5.7909216497316,8.42412573804395,9.94784738824408,9.15412298640639,4.76814437129387,3.90675188824401,1.80224802144222,2.52444844780064,1.54856488042968,2.25328104776353,2.64901605515733,1.7033056679066,1.53265517365534,0.173668413411983,0.720660550811936,1.86093464840964
1788,China,CHN,Electric power consumption (kWh per capita),992.943384720171,1076.54912135865,1194.85629490784,1379.48463210183,1585.83878247787,1782.31215291627,2039.0146603408,2325.92676902765,2446.36905458402,2612.45662004417,2943.58995443689,3295.78486805176,3466.01953935563,3757.18508846571,3905.31759800563,,,,,,
1800,China,CHN,"Employers, total (% of total employment) (modeled ILO estimate)",1.60000002384186,1.61000001430511,1.62999999523163,1.63999998569489,1.6599999666214,1.67999994754791,1.69000005722046,1.69000005722046,1.71000003814697,1.73000001907349,1.75999999046326,1.78999996185303,1.82000005245209,1.86000001430511,1.9099999666214,1.96000003814697,2.01999998092651,2.0699999332428,2.09999990463257,2.10999989509583,
1899,China,CHN,Forest area (% of land area),18.7804969919467,19.031006736957,19.2815168805051,19.5320280602681,19.7825365378985,20.0330481613855,20.2835578851316,20.5340680339958,20.7845781828599,21.0350872157688,21.2855968996448,21.49109623203,21.6965960161134,21.9020948706353,22.1075946459969,22.3130941846073,22.5428773041647,22.7423102916965,22.9417353835101,23.1411655427356,23.3405957019611
1915,China,CHN,GDP per capita (current US$),959.372483635864,1053.10824300262,1148.50829043887,1288.64325183475,1508.66809788453,1753.41782926104,2099.22943460734,2693.97006340427,3468.30460207977,3832.23643246922,4550.45310775599,5614.35213522114,6300.61511825789,7020.33848453658,7636.11660125502,8016.43143498003,8094.36336675194,8816.98690451989,9905.34200389253,10143.8381719921,10434.7751874839
1916,China,CHN,GDP per capita growth (annual %),7.63859767603294,7.55165483155264,8.40487997514565,9.35477664390774,9.4615587704991,10.7413751264029,12.0933046939024,13.6358205006408,9.09028010153618,8.85594767555551,10.1028326227139,8.95381604183163,7.13452377748027,7.05073413381821,6.75076031594273,6.42073647723056,6.23821544775225,6.30186310052261,6.25170055569883,5.57453312716906,2.11652289256483
1941,China,CHN,GNI per capita growth (annual %),7.72349749428456,7.31518745322776,8.78218302201748,9.73444215053784,9.80224731582405,10.2735018402278,12.6379172356194,14.0904329912152,9.51028428897757,8.02117143941641,9.81062542568505,8.40453229836291,7.89266546554508,6.43296811039701,7.75474147578362,5.77962561401928,6.21566031591574,6.69409335617159,5.92534144412949,5.74578203818021,1.68106576360427
1961,China,CHN,Gross capital formation (% of GDP),33.5730284937681,35.5415967198136,36.1534434433744,39.6201305878555,41.8471972608319,40.3461495465791,39.9103386970019,40.4821901688549,42.2690268131211,45.3562358300454,46.5561547048834,46.6601210962037,46.2252655950979,46.3989493360759,45.8239527573535,43.2348066562247,42.6313769323417,43.0132973858151,43.793474598526,43.2511057438345,43.5439575852507
2058,China,CHN,Individuals using the Internet (% of population),1.775913207,2.639650215,4.595704331,6.2,7.3,8.523257003,10.52315262,16.0,22.6,28.9,34.3,38.3,42.30011749,45.8,47.9,50.3,53.2,54.3,59.2,64.56912253,70.64214286
2068,China,CHN,"Inflation, consumer prices (annual %)",0.347811226864599,0.719125609120107,-0.731970902350276,1.12760348729636,3.82463743108159,1.77641407667574,1.64943099455862,4.81676767378831,5.92525137041095,-0.728165250932952,3.17532475269199,5.55389892257492,2.61952432645544,2.62105001748115,1.92164162788521,1.43702380935655,2.00000182191941,1.59313600071434,2.07479039965578,2.89923416358227,2.4194218945778
2116,China,CHN,"Labor force participation rate, total (% of total population ages 15-64) (modeled ILO estimate)",82.58,81.9,81.1,80.25,79.45,78.78,78.24,77.84,77.52,77.19,76.79,76.69,76.58,76.46,76.35,76.26,76.19,76.12,76.02,75.88,
2237,China,CHN,"Mortality rate, under-5 (per 1,000 live births)",36.7,34.1,31.5,28.8,26.3,24.0,21.9,20.1,18.5,17.0,15.8,14.6,13.5,12.5,11.6,10.7,9.9,9.2,8.5,7.9,7.3
2407,China,CHN,"People using at least basic sanitation services, urban (% of urban population)",77.87545084,78.70934673,79.54648532,80.38686662,81.23049061,82.07735731,82.92746671,83.78081881,84.63741362,85.49725112,86.36033133,87.22665424,88.09621985,88.96902816,89.84507917,90.72437289,91.6069093,92.49268842,93.38171024,94.27397476,95.16948199
2453,China,CHN,Population ages 15-64 (% of total population),68.3994264262824,68.8457063371142,69.6382031793899,70.6183595778575,71.5088523199023,72.1640797381751,72.6735800146097,72.9853668548011,73.1296112760178,73.2057255394451,73.26558948405,73.2309997808867,73.1770279539402,73.0809292040303,72.8992407406556,72.61433377299,72.2027527736548,71.7175184402221,71.2021137123803,70.7232986329292,70.3199134118938
2492,China,CHN,Population growth (annual %),0.787956592953992,0.726380637838525,0.669999567758626,0.622860936133583,0.593932815112141,0.588124989556992,0.558374367373002,0.522271866392275,0.51238693163744,0.497381400884935,0.482959688678361,0.546457594880274,0.678345458846803,0.666072977690069,0.630326389541893,0.581456146657648,0.573050906069647,0.605245013482969,0.467672053461959,0.354740890170827,0.225947587112011
2845,China,CHN,"Unemployment, total (% of total labor force) (national estimate)",3.09999990463257,3.59999990463257,4.0,4.30000019073486,4.19999980926514,4.19999980926514,4.09999990463257,4.0,4.19999980926514,4.30000019073486,4.09999990463257,4.09999990463257,4.09999990463257,4.05000019073486,4.09999990463257,,,3.90000009536743,3.79999995231628,5.15000009536743,
2856,China,CHN,Urban population,452999147.0,471767321.0,491993700.0,512473984.0,533257098.0,554367818.0,575118254.0,595670841.0,616481190.0,637407288.0,658498663.0,679390629.0,700996454.0,722694421.0,744357517.0,765822300.0,787376534.0,809246214.0,829760595.0,848982855.0,866705688.0
2887,India,IND,Access to electricity (% of population),59.3410453796387,55.8,62.3,64.0231323242188,64.4,67.0934371948242,67.9,70.1307601928711,71.6510848999023,75.0,76.3,67.6,79.9,80.7380447387695,83.5852127075195,88.0,89.5348815917969,92.4568328857422,95.1932983398438,97.8152847290039,
2906,India,IND,Adjusted net national income (annual % growth),2.86907566666525,5.29268471418919,4.78962834666399,7.84767957045477,7.81724977847536,8.81293338330444,8.46969836494699,8.18657068339763,2.22342428663637,9.41561745970465,10.5175642405504,4.99874999439697,6.13676878173702,5.72822525476973,6.98962356081523,8.83359235158245,7.52191899407212,8.40453570899737,6.50086002000292,3.30753548813459,
2940,India,IND,Age dependency ratio (% of working-age population),64.180372675695,63.4281013029749,62.6032527994971,61.7315764808457,60.8392022546978,59.9417432429456,59.2142970399348,58.4720498786624,57.7057029109493,56.8825138062336,55.9862600938871,55.2086374217727,54.3078443292764,53.3542663643901,52.4483667977637,51.6434416967877,50.8881370260245,50.2896371909076,49.7751668865187,49.2452418099917,48.6646203053887
2944,India,IND,Agricultural land (% of land area),60.8689656564162,60.7048321836142,60.7293849367178,60.6247834817149,60.6671622062499,60.5834137744308,60.5094191760365,60.4132261981239,60.4593046525785,60.5639061075814,60.3974182611942,60.4300431523044,60.4206256579633,60.4394606466455,60.4471964455686,60.4313885086389,60.4313885086389,60.4313885086389,60.4313885086389,,
2962,India,IND,"Air transport, passengers carried",17299483.0,16862737.0,17633019.0,19455085.0,23934074.0,27879461.0,40288794.0,51897450.0,49877935.0,54446373.0,64374253.8038964,73996912.0,72151828.8895485,75589071.0,82718882.88,98927860.0,119577835.0,139752424.0,164035637.545,167499116.0,68959633.0
3013,India,IND,Broad money (% of GDP),54.6451291823787,57.7390677682671,62.619524516526,63.17925360411,64.6357080581913,65.5481218955356,68.0630217871644,72.2804239220528,77.3729561105341,79.0751963452197,77.6799524436717,78.8373112865613,76.9131885205749,78.1821717320597,77.8993537588766,78.0119105841633,74.5492653519617,74.1441893624702,74.1476948534986,76.0459639203517,88.158114931889
3024,India,IND,Cereal production (metric tons),234931192.0,242963796.0,206636708.0,236592700.0,229845504.0,239997492.0,242785588.0,260485904.0,266835300.0,250783392.0,267838308.0,287860000.0,293290000.0,294909510.0,296010000.0,284333000.0,297850000.0,313640000.0,318320000.0,,
3076,India,IND,CO2 emissions (kt),940170.0,953880.0,987530.0,1015890.0,1087190.0,1137740.0,1214250.0,1336100.0,1423880.0,1568530.0,1665310.0,1760800.0,1908570.0,1966810.0,2136870.0,2150220.0,2183280.0,2301440.0,2434520.0,,
3112,India,IND,Consumer price index (2010 = 100),54.3383216485078,56.3919261013738,58.815172903837,61.0535954523922,63.353638086215,66.0438512553292,69.8720985315016,74.3249644718144,80.5305542396968,89.2941733775462,100.0,108.858360966367,118.995736617717,132.161037923262,140.949086340153,147.865420572581,155.182121475482,160.346851524588,166.672644918068,172.878328310405,184.328815085944
3167,India,IND,Current account balance (% of GDP),-0.982343805635065,0.290494936396436,1.3709411110454,1.44356106282279,0.110018663965381,-1.25350731467244,-0.988988302947644,-0.663718192795811,-2.58337653773941,-1.95146414773762,-3.25348404649369,-3.42928826408745,-5.00488898216305,-2.64566624276598,-1.3395083295147,-1.06754934888684,-0.527880354186204,-1.43948891787464,-2.42860882215223,-1.03685149533004,1.23033951858912
3231,India,IND,Electric power consumption (kWh per capita),393.646247811898,393.810198122643,410.644783909356,430.483163325867,451.611546107878,468.025754019185,509.214054753734,541.73839519579,561.247581414481,598.498241908181,640.394606751363,696.842681452116,723.236916567989,764.201134144621,804.5163492833,,,,,,
3243,India,IND,"Employers, total (% of total employment) (modeled ILO estimate)",0.980000019073486,1.04999995231628,1.12999999523163,1.21000003814697,1.29999995231628,1.39999997615814,1.35000002384186,1.30999994277954,1.27999997138977,1.25,1.21000003814697,1.36000001430511,1.52999997138977,1.5900000333786,1.66999995708466,1.75,1.83000004291534,1.91999995708466,2.00999999046326,2.04999995231628,
3342,India,IND,Forest area (% of land area),22.7334950003195,22.7975675957473,22.8616401911751,22.9257127866029,22.9897853820307,23.0538579774586,23.1179305728864,23.1820031683142,23.246075763742,23.3101483591698,23.3742209545976,23.4638216864714,23.5534224183453,23.6430231502191,23.732623882093,23.8222246139668,23.9118253458407,24.0014260777145,24.0910268095884,24.1806275414622,24.270228273336
3358,India,IND,GDP per capita (current US$),443.314193811316,451.572997293746,470.986786810734,546.726613494985,627.774241726543,714.8610153644,806.753280628799,1028.33477194577,998.522341514181,1101.96083821252,1357.5637268318,1458.10406619579,1443.88243476138,1449.61045069641,1573.88564182956,1605.60544457087,1732.55424231659,1980.66701982802,1996.91508739789,2100.75146060805,1927.70782309335
3359,India,IND,GDP per capita growth (annual %),2.02108859495532,3.02737666441584,2.06487609899125,6.09370510002513,6.19365269939453,6.23194973457434,6.40328423693353,6.04817414971588,1.5875983042843,6.35108827096114,7.0423476699315,3.89396604071817,4.16567305225209,5.13507450641239,6.18667951266134,6.79675906426532,7.08222758310927,5.66578114880545,5.43307745098798,2.99266440573042,-8.16489390792292
3384,India,IND,GNI per capita growth (annual %),1.74403014308389,3.21723552425537,2.25038182883335,6.02233248760822,6.2301834720071,6.20562049628947,6.33498173554044,6.42006736899799,1.40521158572382,6.35287794948995,6.51688835510977,4.09739156241957,3.8505419739533,5.06262074263348,6.27036225665071,6.81921793191735,6.13576760897297,6.68326314582465,5.44674928237127,3.1146256978229,-8.15873284640682
3404,India,IND,Gross capital formation (% of GDP),26.6791832811369,26.6583979675763,27.2151205284732,29.5037700208993,36.0869752927918,38.0757925089956,38.8973024622183,41.9308268663087,37.8505499934364,40.1122358307654,40.2202988006515,39.5904214421434,38.3474156730201,34.0232020837191,34.2678056156731,32.1167301358463,30.1726916705577,30.9821757629795,32.0699517172762,30.6640942019753,29.2776504852473
3501,India,IND,Individuals using the Internet (% of population),0.52753245,0.660146377,1.537875582,1.686489971,1.976136492,2.388075,2.805499865,3.95,4.38,5.12,7.5,10.07,11.1,12.3,13.5,14.9,16.5,18.2,20.08130004,41.0,
3511,India,IND,"Inflation, consumer prices (annual %)",4.00943591045187,3.77929312235644,4.2971520392956,3.80585899528851,3.7672517347751,4.24634362031927,5.79652337561635,6.37288135593231,8.34926704907579,10.8823529411765,11.9893899204244,8.85836096636665,9.31244560487383,11.0636747834422,6.64950015146925,4.90697344127255,4.94821634062141,3.32817337461299,3.94506866416981,3.7232764833053,6.62343677628531
3559,India,IND,"Labor force participation rate, total (% of total population ages 15-64) (modeled ILO estimate)",59.66,59.79,59.93,60.09,60.25,60.42,59.57,58.73,57.93,57.14,56.37,55.42,54.51,54.09,53.68,53.29,52.9,52.52,52.15,52.13,
3680,India,IND,"Mortality rate, under-5 (per 1,000 live births)",91.7,88.1,84.5,81.1,77.8,74.4,71.1,67.9,64.6,61.4,58.2,55.0,52.0,49.0,46.2,43.5,41.0,38.6,36.3,34.4,32.6
3850,India,IND,"People using at least basic sanitation services, urban (% of urban population)",48.38035558,49.59453461,51.05061091,52.51824849,53.99744733,55.48820744,56.99052882,58.50441147,60.02985538,61.56686057,63.11542702,64.67555475,66.24724374,67.830494,69.42530554,71.03167834,72.6496124,74.27910774,75.92016435,77.57278222,79.23696137
3896,India,IND,Population ages 15-64 (% of total population),60.9086204587155,61.188987161801,61.4993846950302,61.8308447925579,62.1738969981162,62.522764845341,62.8084298076055,63.10261028742,63.4092478376017,63.7419669083826,64.1082105303446,64.4294040032985,64.805519437056,65.2084890633965,65.5959799011296,65.9441640546302,66.2742624652675,66.538187109893,66.7667424975064,67.0038111931616,67.2654998846254
3935,India,IND,Population growth (annual %),1.76812551036934,1.72876856952673,1.68956166096073,1.65149126857663,1.61530829494259,1.57970914338086,1.5456964390645,1.50922198555755,1.46488991482359,1.41058271379931,1.35033831370532,1.28851296178524,1.23148489388617,1.18290421490412,1.14567340150608,1.11689591278599,1.09045932094686,1.06335942989132,1.03782784787162,1.01326124930492,0.989413800188014
4288,India,IND,"Unemployment, total (% of total labor force) (national estimate)",2.73000001907349,,,,,2.42000007629395,,,,,2.44000005722046,,2.69000005722046,,,,,,5.32999992370605,5.26999998092651,4.67999982833862
4299,India,IND,Urban population,292322757.0,300118526.0,308796506.0,317584393.0,326495070.0,335503761.0,344622641.0,353850624.0,363154576.0,372465918.0,381763164.0,391040056.0,400416922.0,409907903.0,419567353.0,429428650.0,439501314.0,449795398.0,460304169.0,471031529.0,481980332.0
4330,Russian Federation,RUS,Access to electricity (% of population),100.0,100.0,100.0,100.0,100.0,100.0,100.0,100.0,100.0,100.0,100.0,100.0,100.0,100.0,100.0,95.5,100.0,100.0,100.0,100.0,
4349,Russian Federation,RUS,Adjusted net national income (annual % growth),22.2807919841122,2.81322355970104,3.43193867708868,7.01207791238032,14.9587459018764,10.7690469230209,12.1595802412648,14.1772500601269,5.19284862028739,-17.6047694637812,11.8742167779552,9.57996158617216,4.0705144888679,-0.358309315713484,-0.421540211995278,-5.82186631799887,-3.74573944028477,3.17113671971032,6.40086095900303,0.652893089463106,
4383,Russian Federation,RUS,Age dependency ratio (% of working-age population),44.2756654298684,43.666300589917,43.0480317864701,42.3924873537479,41.6632583400525,40.8392666731611,40.3356438822677,39.705743477998,39.157910111349,38.8842839031578,38.9538293079746,39.4108528495506,40.2178638251218,41.2909732465045,42.4952548286628,43.7415513843021,45.2957877292164,46.8370275450124,48.3432768507184,49.8106020661285,51.2200198137742
4387,Russian Federation,RUS,Agricultural land (% of land area),13.2566688683588,13.2390216624218,13.2257977869402,13.2029341345878,13.1846021330511,13.1661598924145,13.1573709193088,13.1558444571717,13.1584362579663,13.1584362579663,13.1584362579663,13.1584362579663,13.1584362579663,13.1584362579663,13.1584362579663,13.1584362579663,13.1584362579663,13.1584362579663,13.1584362579663,,
4405,Russian Federation,RUS,"Air transport, passengers carried",17687894.0,20301199.0,20892156.0,22723072.0,25948923.0,26522315.0,28836949.0,33187839.0,37940321.0,34402844.0,43855539.0,50555805.0,58727125.0,64072322.0,72189961.0,76846126.0,77458318.0,89373638.0,99327311.0,108857906.0,62447448.0
4456,Russian Federation,RUS,Broad money (% of GDP),,23.9077687705991,26.4067863902867,29.997076567568,31.1190439073204,33.3802789464406,37.6220390035343,42.976748070357,39.507860510671,49.2988178555608,51.4391068859568,47.3864657151412,47.2894158000922,51.2000295948384,54.2953308870049,61.8265826106004,59.4458285299143,59.5222074143758,59.1186442311284,59.0759724941086,70.381030270803
4467,Russian Federation,RUS,Cereal production (metric tons),64242691.0,83303483.0,84730327.0,65335462.0,75986000.0,76192100.0,76494549.0,80207513.0,106417890.0,95615476.0,59619074.0,91780915.0,68753479.0,90364971.0,103138503.0,102447609.0,117755457.0,131295318.0,109837875.0,,
4519,Russian Federation,RUS,CO2 emissions (kt),1489500.0,1490530.0,1491720.0,1522190.0,1534120.0,1530850.0,1590090.0,1591510.0,1613140.0,1495170.0,1583160.0,1661780.0,1666860.0,1624020.0,1606860.0,1557530.0,1530900.0,1557190.0,1607550.0,,
4555,Russian Federation,RUS,Consumer price index (2010 = 100),30.7595536540074,37.3657852105702,43.2653684455772,49.1768425137193,54.5315199244747,61.4490089758499,67.3903013768283,73.4603471089942,83.8261661028972,93.5896759401721,100.0,108.440464859326,113.943539767608,121.638956306017,131.155272814079,151.529464141176,162.200847296653,168.175238863746,173.015822116403,180.750263654162,186.862621885623
4610,Russian Federation,RUS,Current account balance (% of GDP),17.4742424828314,10.4545347443772,7.9523289090993,7.69798573457628,9.908322542702,11.0454005698574,9.32545931833775,5.55456642217766,6.25797790659258,4.12087479027539,4.42333446864605,4.75451989097714,3.22792765583216,1.45817186958541,2.79290928233835,4.97089265241902,1.91643636708399,2.04412670112104,6.97989834084279,3.87563288675225,2.42698710893008
4674,Russian Federation,RUS,Electric power consumption (kWh per capita),5198.40570401268,5274.3633046315,5304.41525955994,5478.13045818384,5633.84550039094,5770.10063642248,6098.53347618072,6286.04939176058,6399.68374911202,6095.38027602538,6409.89436516487,6485.759030014,6617.1341613974,6539.20737452554,6602.65747938354,,,,,,
4686,Russian Federation,RUS,"Employers, total (% of total employment) (modeled ILO estimate)",1.05999994277954,1.12000000476837,1.17999994754791,1.1599999666214,1.0900000333786,1.07000005245209,1.08000004291534,1.07000005245209,1.10000002384186,1.25,1.26999998092651,1.23000001907349,1.16999995708466,1.27999997138977,1.33000004291534,1.28999996185303,1.27999997138977,1.35000002384186,1.45000004768372,1.54999995231628,
4785,Russian Federation,RUS,Forest area (% of land area),49.4018499097143,49.4403819433422,49.4746894866839,49.5103852150482,49.5454456106165,49.5807773333032,49.6276507015009,49.6634743255174,49.7019381603444,49.7377636874446,49.7735892145447,49.7710839739218,49.7685787332989,49.766073492676,49.763568252053,49.7610630114301,49.7726995451512,49.7843360788722,49.7843360788722,49.7843360788722,49.7843360788722
4801,Russian Federation,RUS,GDP per capita (current US$),1771.59405905827,2100.35251171829,2377.52957748244,2975.12535330125,4102.36483299792,5323.46308263383,6920.18912483291,9101.25504905672,11635.2729337888,8562.81327716515,10674.9957825675,14311.0843159612,15420.8745413273,15974.6446270517,14095.648742954,9313.01362484996,8704.89841329594,10720.3326583505,11287.3552780815,11497.6492498593,10126.7217935297
4802,Russian Federation,RUS,GDP per capita growth (annual %),10.4637179957182,5.54671704833198,5.18274681321141,7.78796520165758,7.63249250134936,6.80660616778128,8.55494495721565,8.6857606113937,5.24621403349268,-7.82774909202175,4.45309443157595,4.21872587417505,3.84915563203991,1.53896381728107,-1.04525746317218,-2.18388838737465,0.0102484619192325,1.70938991615724,2.81552569192898,2.07881130890352,-2.7715653324851
4827,Russian Federation,RUS,GNI per capita growth (annual %),11.6142152557545,6.99832871098394,4.66797740748055,6.54272662116857,8.50988327425732,6.39840111868115,7.88956511620648,9.47623260419748,4.50020231494503,-7.95168946957934,4.42902394337399,4.19132528746357,3.71211223448036,1.12371004210956,-0.8194020259334,-1.42064424345202,0.111184025051784,1.75637005342553,2.94750811015146,1.30956512094646,-1.82313144731275
4847,Russian Federation,RUS,Gross capital formation (% of GDP),18.6937601947688,21.9498173349418,20.0295461890033,20.858958480261,20.9012750793662,20.0774969175315,21.1715918032687,24.1645140336108,25.5012197086864,18.9263757355943,22.6150505520224,24.2607379312639,24.5536933545168,23.2716819870194,22.3908642287739,22.148725318159,23.0954224731096,23.6067558621651,21.9180994729701,22.759108684949,23.9879493606627
4944,Russian Federation,RUS,Individuals using the Internet (% of population),1.977230109,2.944367787,4.128271818,8.298860616,12.8593889,15.2266732,18.02327746,24.66,26.83,29.0,43.0,49.0,63.8,67.97,70.52,70.09924123,73.09143462,76.00813853,80.86472187,82.64216156,84.99466978
4954,Russian Federation,RUS,"Inflation, consumer prices (annual %)",20.7987606558703,21.4770072117159,15.7887307914462,13.6632930228667,10.8886157326216,12.6853039507349,9.66865454789265,9.00729868861076,14.1107677840442,11.6473295764118,6.8493923025503,8.44046485932559,5.0747430079915,6.75371026220953,7.82341183865503,15.5344050528404,7.04244762954798,3.68332944412231,2.87829723647886,4.47036660760175,3.38165937237896
5002,Russian Federation,RUS,"Labor force participation rate, total (% of total population ages 15-64) (modeled ILO estimate)",70.96,69.66,70.61,70.49,71.13,71.57,71.86,72.7,73.0,72.85,72.73,73.06,73.16,73.19,73.43,73.68,74.24,74.15,74.43,73.96,
5123,Russian Federation,RUS,"Mortality rate, under-5 (per 1,000 live births)",19.3,18.3,17.2,16.1,14.9,13.8,12.8,11.9,11.2,10.7,10.4,10.1,9.8,9.4,8.9,8.2,7.5,6.9,6.3,5.8,5.4
5293,Russian Federation,RUS,"People using at least basic sanitation services, urban (% of urban population)",93.60803081,93.68583833,93.76364585,93.84145337,93.91926089,93.99706841,94.07487593,94.15268345,94.23049097,94.30829849,94.38610601,94.46391353,94.54172105,94.61952857,94.69733609,94.77514361,94.85295113,94.93075865,95.00856617,95.08637369,95.16418121
5339,Russian Federation,RUS,Population ages 15-64 (% of total population),69.3117579538986,69.6057458290973,69.9065893012946,70.2284244418065,70.5899334444253,71.0029258565385,71.2577342037478,71.5790182265725,71.8608092143818,72.002387297632,71.9663503454861,71.7304266907395,71.3175889432866,70.7759294758889,70.1777752619242,69.5693060285516,68.8251195317792,68.1027136368961,67.4112110994962,66.7509502286713,66.128809931132
5378,Russian Federation,RUS,Population growth (annual %),-0.420614990249978,-0.424090524785415,-0.460024258081391,-0.453780668020263,-0.402681471328549,-0.381452794741516,-0.327445270108383,-0.17108203294568,-0.0439492591634852,0.0301077605196216,0.0448957880908489,0.077981777433695,0.168305035277726,0.212950704549247,0.217642262118,0.192557946508244,0.170245238698228,0.106870569429971,-0.0130668924933287,-0.0495686654330689,-0.209476796881133
5731,Russian Federation,RUS,"Unemployment, total (% of total labor force) (national estimate)",10.5799999237061,8.97999954223633,7.88000011444092,8.21000003814697,7.76000022888184,7.11999988555908,7.05999994277954,6.0,6.21000003814697,8.30000019073486,7.36999988555908,6.53999996185303,5.44000005722046,5.46000003814697,5.15999984741211,5.57000017166138,5.55999994277954,5.21000003814697,4.84999990463257,4.5,5.59000015258789
5742,Russian Federation,RUS,Urban population,107528803.0,107067910.0,106569238.0,106133030.0,105771342.0,105433226.0,105152927.0,105037446.0,105055527.0,105149987.0,105261487.0,105407937.0,105669982.0,105998572.0,106354644.0,106703732.0,107050095.0,107349517.0,107539205.0,107708298.0,107723564.0
5773,South Africa,ZAF,Access to electricity (% of population),72.2476425170898,70.2,76.7,78.8,80.9,80.8,80.7,82.0,81.9,82.6,82.9,83.6,85.3,85.2,86.0,85.3,84.2,84.4,84.7,85.0,
5792,South Africa,ZAF,Adjusted net national income (annual % growth),4.5658409864626,1.68690939073231,7.6385808063086,5.31378219590606,4.73795765805171,6.69620086818254,6.53571658610024,3.8494469421297,-2.80436947886869,4.26749400515727,3.88078545018861,3.79999030569405,1.90999712053899,2.0273110274706,2.26482744658745,3.01961663782606,-0.289369250257096,2.64455543762108,-0.358591854555783,0.41711073930324,
5826,South Africa,ZAF,Age dependency ratio (% of working-age population),62.2841861517741,60.8249933062038,59.2719899017689,57.7089747121222,56.2653257229743,55.0221735936672,54.2436216662739,53.6494995481832,53.2064451662069,52.8348716179234,52.4919378734517,52.4754103527718,52.3746390874087,52.2634094411319,52.2185590367353,52.2546518920949,52.2894730788717,52.3680411120216,52.4332028665055,52.4008793707698,52.2314788899993
5830,South Africa,ZAF,Agricultural land (% of land area),80.888474886447,80.796148678169,80.8085137953491,80.7260796808151,80.4622905143064,80.359247871139,79.8687648896619,79.8704135719526,80.0501199416366,79.9511990041959,79.871237913098,79.4450535409574,79.4178502831612,79.4178502831612,79.4178502831612,79.4178502831612,79.4178502831612,79.4178502831612,79.4178502831612,,
5848,South Africa,ZAF,"Air transport, passengers carried",8000757.0,7948374.0,8052660.0,9159815.0,9878598.0,11844657.0,12932671.0,12870324.0,13135437.0,12503629.0,15781210.0,16407784.9571682,17571565.2032155,16311250.0,17026643.2191223,18882898.0,19744932.0,20821044.0,24660386.0,26211258.0,8304771.044
5899,South Africa,ZAF,Broad money (% of GDP),47.3643581454259,51.4195683669222,52.117445159726,53.933693311777,55.0433217131858,59.760936349771,65.4243148230338,71.0936792582327,73.2952082257562,69.7119446561274,68.1689583631844,67.8297284104177,66.550267601772,64.9807634284201,65.2381425601434,67.3018792759517,66.3120220770983,66.1447664923871,66.2053718392489,67.1499725168977,74.5978340025025
5910,South Africa,ZAF,Cereal production (metric tons),14549009.0,10714748.0,13048225.0,11819153.0,12026899.0,14175144.0,9452300.0,9507863.0,15339478.0,14570877.0,14700931.0,12928365.0,14556168.0,14154568.0,16617880.0,11910245.0,10197534.0,18863987.0,14971922.0,,
5962,South Africa,ZAF,CO2 emissions (kt),284730.0,320600.0,331420.0,353110.0,379970.0,377640.0,379560.0,396900.0,426560.0,404020.0,425110.0,409120.0,426710.0,436870.0,447980.0,424880.0,425180.0,435140.0,433250.0,,
5998,South Africa,ZAF,Consumer price index (2010 = 100),59.898771742989,63.3141427050053,69.3256348361141,73.2629274642054,72.7559259259259,74.2567731629393,76.6655898710212,81.4018459353923,89.5870311205774,96.0951366702165,100.0,105.017157732813,111.028280676843,117.441722873033,124.64797065436,130.268607265412,138.859306590936,146.053721453082,152.632824517809,158.927937522187,164.05159152763
6053,South Africa,ZAF,Current account balance (% of GDP),-0.125569953016457,0.25300164315535,0.781933978129667,-0.782444924016494,-2.50726392401176,-2.774763681674,-4.00009533041509,-4.86191575999906,-5.18616664587458,-2.3845891902915,-1.29901415265499,-2.01966738436615,-4.68373643403848,-5.33837274756912,-4.81243259488483,-4.31028688643788,-2.63361451678798,-2.37436753188649,-3.03502699461979,-2.59451876829178,2.02664336447027
6117,South Africa,ZAF,Electric power consumption (kWh per capita),4579.95273186341,4302.11822922125,4528.81614714751,4559.77384716944,4589.9050592695,4636.93068141697,4721.93299558849,4851.69249381196,4665.17603882982,4428.15425706747,4542.59620644854,4566.32375363481,4366.03048883078,4285.64576702515,4198.04611982095,,,,,,
6129,South Africa,ZAF,"Employers, total (% of total employment) (modeled ILO estimate)",7.57999992370605,7.67999982833862,7.76999998092651,7.82999992370605,7.8899998664856,7.84000015258789,8.39000034332275,7.48999977111816,5.69000005722046,5.44000005722046,5.55000019073486,5.55000019073486,5.32999992370605,5.34000015258789,5.30000019073486,5.15999984741211,5.53000020980835,5.55000019073486,5.25,5.67000007629395,
6228,South Africa,ZAF,Forest area (% of land area),14.6552110725503,14.6252050548599,14.5951990371695,14.5651930194792,14.5351870017888,14.5051809840985,14.4751749664081,14.4451689487177,14.4151629310274,14.385156913337,14.3551508956467,14.3251448779563,14.2951388602659,14.2651328425756,14.2351268248852,14.2051208071948,14.1751147895045,14.1451087718141,14.1151027541238,14.0850967364334,14.055090718743
6244,South Africa,ZAF,GDP per capita (current US$),3374.71842279184,2971.81976918833,2797.08729059913,4217.11478019175,5409.1334888271,6033.10149088554,6266.53398662041,6780.88455469658,6350.65270995806,6532.73696795513,8148.9612020223,8810.93065093576,8222.19727925886,7467.07918510394,6988.80873854682,6259.83968110571,5756.96574098804,6690.93984735096,7005.09541266022,6624.76186493309,5655.86765390396
6245,South Africa,ZAF,GDP per capita growth (annual %),2.74209440515851,1.33981173728463,2.39793020930182,1.69680816971494,3.28905505397188,3.98202620194472,4.27776820795123,4.00849453683342,1.82349722375925,-2.8987326378043,1.55107263897287,1.60766536815335,0.789721589438102,0.8543441977219,-0.179700598883201,-0.218801180743498,-0.806311266588793,-0.265300653069517,0.113021477550987,-1.19609144119572,-7.61587550157316
6270,South Africa,ZAF,GNI per capita growth (annual %),2.74896224692446,0.667909377219672,2.93365521424862,1.4754287973787,3.97838729268119,3.93758907438726,4.27516153960808,2.66938246724526,1.99761642062069,-2.11858565386174,1.59093016719932,1.19313229683257,0.650791299787429,0.955716619578936,-0.228789562708911,-0.0445698821705065,-1.09070821006964,-0.512133889813754,0.113042344856893,-0.924654215702276,-6.85897828085824
6290,South Africa,ZAF,Gross capital formation (% of GDP),15.0602810875446,14.5737803066035,15.036119660525,15.6571145272722,16.9603513170499,16.8318153447643,18.4902026867601,19.3259650755187,21.2872491181391,18.7669441984248,17.5956446037105,18.8532376550132,18.5845354435045,19.1687625943111,18.4879638168327,18.6332066638376,16.9604522948246,16.6107340612402,16.5408962384226,16.0211413339697,12.7455548611915
6387,South Africa,ZAF,Individuals using the Internet (% of population),5.348559732,6.346619318,6.710322437,7.007691726,8.425118683,7.48854253,7.607139675,8.065375174,8.43,10.0,24.0,33.97,41.0,46.5,49.0,51.91911572,54.0,56.16739447,62.4,68.2,
6397,South Africa,ZAF,"Inflation, consumer prices (annual %)",5.33895158255483,5.70190483482843,9.49470667101602,5.67941806432656,-0.692030138335916,2.06285222531756,3.24390167452648,6.17781206971621,10.055282028471,7.26456214502708,4.0635389730329,5.01715773281268,5.72394366197183,5.77640413513801,6.13602015113351,4.50920827795706,6.59460441456991,5.18108223263743,4.50457749331605,4.12435072486239,3.22388504206686
6445,South Africa,ZAF,"Labor force participation rate, total (% of total population ages 15-64) (modeled ILO estimate)",58.72,58.62,58.53,58.48,58.47,58.51,58.6,58.76,59.01,57.38,55.8,55.99,56.57,57.25,57.64,59.09,59.34,60.1,59.96,60.13,
6566,South Africa,ZAF,"Mortality rate, under-5 (per 1,000 live births)",71.5,73.1,74.3,75.7,77.7,78.8,79.2,75.3,68.9,60.3,52.0,45.6,41.5,39.3,37.6,36.3,35.2,34.6,33.9,33.0,32.2
6736,South Africa,ZAF,"People using at least basic sanitation services, urban (% of urban population)",71.19661271,71.49090049,71.7854199,72.08017097,72.37515369,72.67036806,72.96581408,73.26149174,73.55740106,73.85354202,74.14991463,74.4465189,74.74335481,75.04042237,75.33772158,75.63525244,75.93301495,76.23100911,76.52923492,76.82769237,77.12638148
6782,South Africa,ZAF,Population ages 15-64 (% of total population),61.620298726366,62.1793895865189,62.7856788011973,63.4079319344451,63.9937231995274,64.5069012396064,64.8325030807211,65.0831918780383,65.2714047523727,65.4300945038128,65.5772372606857,65.5843448227921,65.6277183707093,65.6756599036108,65.6950110136395,65.6794387687497,65.6644204598072,65.6305615480971,65.6025058468641,65.6164193375248,65.6894360674633
6821,South Africa,ZAF,Population growth (annual %),1.40902190052539,1.33327746238591,1.26392260814983,1.22385352306713,1.21776220298327,1.23774061841899,1.26362297174921,1.29149827532559,1.3341170229958,1.39153543190923,1.45528193348191,1.52451405625199,1.58135367305518,1.60436736931238,1.58378739591921,1.53224277341692,1.47193342939738,1.41694725378631,1.36370321600461,1.31629200967216,1.27335626330668
7174,South Africa,ZAF,"Unemployment, total (% of total labor force) (national estimate)",29.8799991607666,30.6900005340576,33.2900009155273,32.310001373291,29.4500007629395,29.1200008392334,28.3400001525879,26.5400009155273,22.4099998474121,23.5200004577637,24.6800003051758,24.6399993896484,24.7299995422363,24.5599994659424,24.8899993896484,25.1499996185303,26.5400009155273,27.0400009155273,26.9099998474121,28.4699993133545,29.2199993133545
7185,South Africa,ZAF,Urban population,25582582.0,26143327.0,26720456.0,27305505.0,27898739.0,28506191.0,29131015.0,29774437.0,30442138.0,31137755.0,31866173.0,32630279.0,33428280.0,34248628.0,35078456.0,35905875.0,36726640.0,37540921.0,38348227.0,39149715.0,39946775.0
